Workbook

Sheet РЕЙД-КОНСТРУКТОР
A1: CoA RAID COMP — КОНСТРУКТОР СОСТАВА | O1: НАСТРОЙКИ И РЕЙДОВЫЙ СОВЕТНИК
A2: Заполняй класс и специализацию. Роль определяется автоматически. Сначала закрываются критические эффекты и роли; затем решают логи, выживаемость и уникальность состава. | O2: Профиль | P2: Безопасность | Q2: Уникальность | R2: Умеренно | S2: Макс. спек | T2: 5 | U2: Макс. класс | V2: 3
A3: Роль для рекомендаций | C3: Любая | D3: Игроков | E3: =SUM(H6:H30) -> 0 | F3: Крит. не хватает | G3: =COUNTIFS('СПРАВОЧНИК ЭФФЕКТОВ'!$D$4:$D$48,0,'СПРАВОЧНИК ЭФФЕКТОВ'!$C$4:$C$48,"Критично") -> 20 | H3: =IFERROR(SUMPRODUCT(--('СПРАВОЧНИК ЭФФЕКТОВ'!$D$4:$D$48>0),IF('СПРАВОЧНИК ЭФФЕКТОВ'!$C$4:$C$48="Критично",3,IF('СПРАВОЧНИК ЭФФЕКТОВ'!$C$4:$C$48="Важно",2,IF('СПРАВОЧНИК ЭФФЕКТОВ'!$C$4:$C$48="Опционально",1,0))))/SUM(IF('СПРАВОЧНИК ЭФФЕКТОВ'!$C$4:$C$48="Критично",3,IF('СПРАВОЧНИК ЭФФЕКТОВ'!$C$4:$C$48="Важно",2,IF('СПРАВОЧНИК ЭФФЕКТОВ'!$C$4:$C$48="Опционально",1,0)))),0) -> 0 | I3: =COUNTIF(K6:K50,0) -> 45 | J3: Критично | K3: =COUNTIFS(K6:K50,0,M6:M50,"Критично") -> 20 | L3: Готовность | M3: =IFERROR(SUMPRODUCT(--(K6:K50>0),N6:N50)/SUM(N6:N50),0) -> 0 | O3: Профиль состава | P3: Универсальный | Q3: Цель игроков | R3: 25 | S3: Осталось | T3: =MAX($R$3-$E$3,0) -> 25 | U3: Лимиты | V3: =$T$2&" одинаковых спека / "&$V$2&" игроков класса" -> 5 одинаковых спека / 3 игроков класса
A4: СОСТАВ РЕЙДА — 25 СЛОТОВ | I4: ПОКРЫТИЕ РЕЙДА — ЧЕГО НЕ ХВАТАЕТ
A5: Слот | B5: Игрок | C5: Класс | D5: Специализация | E5: Роль | F5: Кол-во* | G5: Проверка | H5: Учтено | I5: Категория | J5: Эффект | K5: В рейде | L5: Статус | M5: Приоритет | N5: Вес | O5: СЛЕДУЮЩИЙ ЛУЧШИЙ ВЫБОР — ДОБАВИТЬ СЕЙЧАС
A6: 1 | B6: Gunspojoshe | F6: 1 | G6: =IF(AND(C6="",D6=""),"",IF(OR(C6="",D6=""),"ЗАПОЛНИ ПАРУ",IF(COUNTIFS(ТЕХ_Списки!$A$2:$A$71,C6,ТЕХ_Списки!$B$2:$B$71,D6)<>1,"НЕВЕРНАЯ ПАРА",IF(E6="","РОЛЬ НЕ НАЙДЕНА",IF(AND($R$2<>"Без ограничений",OR(SUMIF(ТЕХ_Расчет!$A$2:$A$26,C6&"§"&D6,ТЕХ_Расчет!$B$2:$B$26)>$T$2,SUMIF($C$6:$C$30,C6,$H$6:$H$30)>$V$2)),"ПРЕВЫШЕН ЛИМИТ","OK"))))) | H6: =IF(OR(C6="",D6=""),0,IF(F6="",1,F6)) -> 0 | I6: Физические бафы | J6: 10% Stats | K6: =ТЕХ_Расчет!D$43 -> 0 | L6: =IF(K6=0,"НЕ ХВАТАЕТ",IF(K6=1,"ЕСТЬ","ЕСТЬ ЗАПАС")) -> НЕ ХВАТАЕТ | M6: ='СПРАВОЧНИК ЭФФЕКТОВ'!C4 -> Критично | N6: =IF(M6="Критично",3,IF(M6="Важно",2,IF(M6="Опционально",1,0))) -> 3 | O6: =IF($E$3>=$R$3,"СОСТАВ ЗАПОЛНЕН",IFERROR(INDEX(ТЕХ_Подсказки!$A$2:$V$71,$N$54,1)&" — "&INDEX(ТЕХ_Подсказки!$A$2:$V$71,$N$54,2)&" ("&INDEX(ТЕХ_Подсказки!$A$2:$V$71,$N$54,3)&")","НЕТ ДОСТУПНОЙ РЕКОМЕНДАЦИИ")) -> Felsworn — Tyrant (Танк)
A7: 2 | F7: 1 | G7: =IF(AND(C7="",D7=""),"",IF(OR(C7="",D7=""),"ЗАПОЛНИ ПАРУ",IF(COUNTIFS(ТЕХ_Списки!$A$2:$A$71,C7,ТЕХ_Списки!$B$2:$B$71,D7)<>1,"НЕВЕРНАЯ ПАРА",IF(E7="","РОЛЬ НЕ НАЙДЕНА",IF(AND($R$2<>"Без ограничений",OR(SUMIF(ТЕХ_Расчет!$A$2:$A$26,C7&"§"&D7,ТЕХ_Расчет!$B$2:$B$26)>$T$2,SUMIF($C$6:$C$30,C7,$H$6:$H$30)>$V$2)),"ПРЕВЫШЕН ЛИМИТ","OK"))))) | H7: =IF(OR(C7="",D7=""),0,IF(F7="",1,F7)) -> 0 | I7: Физические бафы | J7: Minor Armor and All Stats | K7: =ТЕХ_Расчет!E$43 -> 0 | L7: =IF(K7=0,"НЕ ХВАТАЕТ",IF(K7=1,"ЕСТЬ","ЕСТЬ ЗАПАС")) -> НЕ ХВАТАЕТ | M7: ='СПРАВОЧНИК ЭФФЕКТОВ'!C5 -> Важно | N7: =IF(M7="Критично",3,IF(M7="Важно",2,IF(M7="Опционально",1,0))) -> 2 | O7: Крит. | P7: =IFERROR(INDEX(ТЕХ_Подсказки!$A$2:$V$71,$N$54,13),"") -> 0 | Q7: Важн. | R7: =IFERROR(INDEX(ТЕХ_Подсказки!$A$2:$V$71,$N$54,14),"") -> 0 | S7: Логи | T7: =IFERROR(INDEX(ТЕХ_Подсказки!$A$2:$V$71,$N$54,9),"") -> 88.24 | U7: =IFERROR(INDEX(ТЕХ_Подсказки!$A$2:$V$71,$N$54,19),"") -> 158.24 | V7: =IFERROR(INDEX(ТЕХ_Подсказки!$A$2:$V$71,$N$54,3),"") -> Танк
A8: 3 | F8: 1 | G8: =IF(AND(C8="",D8=""),"",IF(OR(C8="",D8=""),"ЗАПОЛНИ ПАРУ",IF(COUNTIFS(ТЕХ_Списки!$A$2:$A$71,C8,ТЕХ_Списки!$B$2:$B$71,D8)<>1,"НЕВЕРНАЯ ПАРА",IF(E8="","РОЛЬ НЕ НАЙДЕНА",IF(AND($R$2<>"Без ограничений",OR(SUMIF(ТЕХ_Расчет!$A$2:$A$26,C8&"§"&D8,ТЕХ_Расчет!$B$2:$B$26)>$T$2,SUMIF($C$6:$C$30,C8,$H$6:$H$30)>$V$2)),"ПРЕВЫШЕН ЛИМИТ","OK"))))) | H8: =IF(OR(C8="",D8=""),0,IF(F8="",1,F8)) -> 0 | I8: Физические бафы | J8: Stamina | K8: =ТЕХ_Расчет!F$43 -> 0 | L8: =IF(K8=0,"НЕ ХВАТАЕТ",IF(K8=1,"ЕСТЬ","ЕСТЬ ЗАПАС")) -> НЕ ХВАТАЕТ | M8: ='СПРАВОЧНИК ЭФФЕКТОВ'!C6 -> Важно | N8: =IF(M8="Критично",3,IF(M8="Важно",2,IF(M8="Опционально",1,0))) -> 2 | O8: =IF($E$3>=$R$3,"Все 25 слотов заполнены.",IFERROR(INDEX(ТЕХ_Подсказки!$A$2:$V$71,$N$54,22),"Рекомендация не рассчитана.")) -> Критичные и важные эффекты закрыты — выбор по роли и логам: DTPS 215, 88/100.
A9: 4 | F9: 1 | G9: =IF(AND(C9="",D9=""),"",IF(OR(C9="",D9=""),"ЗАПОЛНИ ПАРУ",IF(COUNTIFS(ТЕХ_Списки!$A$2:$A$71,C9,ТЕХ_Списки!$B$2:$B$71,D9)<>1,"НЕВЕРНАЯ ПАРА",IF(E9="","РОЛЬ НЕ НАЙДЕНА",IF(AND($R$2<>"Без ограничений",OR(SUMIF(ТЕХ_Расчет!$A$2:$A$26,C9&"§"&D9,ТЕХ_Расчет!$B$2:$B$26)>$T$2,SUMIF($C$6:$C$30,C9,$H$6:$H$30)>$V$2)),"ПРЕВЫШЕН ЛИМИТ","OK"))))) | H9: =IF(OR(C9="",D9=""),0,IF(F9="",1,F9)) -> 0 | I9: Физические бафы | J9: Strength | K9: =ТЕХ_Расчет!G$43 -> 0 | L9: =IF(K9=0,"НЕ ХВАТАЕТ",IF(K9=1,"ЕСТЬ","ЕСТЬ ЗАПАС")) -> НЕ ХВАТАЕТ | M9: ='СПРАВОЧНИК ЭФФЕКТОВ'!C7 -> Важно | N9: =IF(M9="Критично",3,IF(M9="Важно",2,IF(M9="Опционально",1,0))) -> 2
A10: 5 | F10: 1 | G10: =IF(AND(C10="",D10=""),"",IF(OR(C10="",D10=""),"ЗАПОЛНИ ПАРУ",IF(COUNTIFS(ТЕХ_Списки!$A$2:$A$71,C10,ТЕХ_Списки!$B$2:$B$71,D10)<>1,"НЕВЕРНАЯ ПАРА",IF(E10="","РОЛЬ НЕ НАЙДЕНА",IF(AND($R$2<>"Без ограничений",OR(SUMIF(ТЕХ_Расчет!$A$2:$A$26,C10&"§"&D10,ТЕХ_Расчет!$B$2:$B$26)>$T$2,SUMIF($C$6:$C$30,C10,$H$6:$H$30)>$V$2)),"ПРЕВЫШЕН ЛИМИТ","OK"))))) | H10: =IF(OR(C10="",D10=""),0,IF(F10="",1,F10)) -> 0 | I10: Физические бафы | J10: Agility | K10: =ТЕХ_Расчет!H$43 -> 0 | L10: =IF(K10=0,"НЕ ХВАТАЕТ",IF(K10=1,"ЕСТЬ","ЕСТЬ ЗАПАС")) -> НЕ ХВАТАЕТ | M10: ='СПРАВОЧНИК ЭФФЕКТОВ'!C8 -> Важно | N10: =IF(M10="Критично",3,IF(M10="Важно",2,IF(M10="Опционально",1,0))) -> 2
A11: 6 | F11: 1 | G11: =IF(AND(C11="",D11=""),"",IF(OR(C11="",D11=""),"ЗАПОЛНИ ПАРУ",IF(COUNTIFS(ТЕХ_Списки!$A$2:$A$71,C11,ТЕХ_Списки!$B$2:$B$71,D11)<>1,"НЕВЕРНАЯ ПАРА",IF(E11="","РОЛЬ НЕ НАЙДЕНА",IF(AND($R$2<>"Без ограничений",OR(SUMIF(ТЕХ_Расчет!$A$2:$A$26,C11&"§"&D11,ТЕХ_Расчет!$B$2:$B$26)>$T$2,SUMIF($C$6:$C$30,C11,$H$6:$H$30)>$V$2)),"ПРЕВЫШЕН ЛИМИТ","OK"))))) | H11: =IF(OR(C11="",D11=""),0,IF(F11="",1,F11)) -> 0 | I11: Физические бафы | J11: Attack Power | K11: =ТЕХ_Расчет!I$43 -> 0 | L11: =IF(K11=0,"НЕ ХВАТАЕТ",IF(K11=1,"ЕСТЬ","ЕСТЬ ЗАПАС")) -> НЕ ХВАТАЕТ | M11: ='СПРАВОЧНИК ЭФФЕКТОВ'!C9 -> Важно | N11: =IF(M11="Критично",3,IF(M11="Важно",2,IF(M11="Опционально",1,0))) -> 2 | O11: =IF(COUNT(ТЕХ_Подсказки!$T$2:$T$71)>0,"Расчёт активен. Профиль: "&P2&"; уникальность: "&R2&"; лимиты: "&T2&" спека / "&V2&" класса.","Нет рассчитанных вариантов. В Excel включите автоматический пересчёт формул.") -> Расчёт активен. Профиль: Безопасность; уникальность: Умеренно; лимиты: 5 спека / 3 класса.
A12: 7 | F12: 1 | G12: =IF(AND(C12="",D12=""),"",IF(OR(C12="",D12=""),"ЗАПОЛНИ ПАРУ",IF(COUNTIFS(ТЕХ_Списки!$A$2:$A$71,C12,ТЕХ_Списки!$B$2:$B$71,D12)<>1,"НЕВЕРНАЯ ПАРА",IF(E12="","РОЛЬ НЕ НАЙДЕНА",IF(AND($R$2<>"Без ограничений",OR(SUMIF(ТЕХ_Расчет!$A$2:$A$26,C12&"§"&D12,ТЕХ_Расчет!$B$2:$B$26)>$T$2,SUMIF($C$6:$C$30,C12,$H$6:$H$30)>$V$2)),"ПРЕВЫШЕН ЛИМИТ","OK"))))) | H12: =IF(OR(C12="",D12=""),0,IF(F12="",1,F12)) -> 0 | I12: Физические бафы | J12: 5% Attack Power | K12: =ТЕХ_Расчет!J$43 -> 0 | L12: =IF(K12=0,"НЕ ХВАТАЕТ",IF(K12=1,"ЕСТЬ","ЕСТЬ ЗАПАС")) -> НЕ ХВАТАЕТ | M12: ='СПРАВОЧНИК ЭФФЕКТОВ'!C10 -> Критично | N12: =IF(M12="Критично",3,IF(M12="Важно",2,IF(M12="Опционально",1,0))) -> 3
A13: 8 | F13: 1 | G13: =IF(AND(C13="",D13=""),"",IF(OR(C13="",D13=""),"ЗАПОЛНИ ПАРУ",IF(COUNTIFS(ТЕХ_Списки!$A$2:$A$71,C13,ТЕХ_Списки!$B$2:$B$71,D13)<>1,"НЕВЕРНАЯ ПАРА",IF(E13="","РОЛЬ НЕ НАЙДЕНА",IF(AND($R$2<>"Без ограничений",OR(SUMIF(ТЕХ_Расчет!$A$2:$A$26,C13&"§"&D13,ТЕХ_Расчет!$B$2:$B$26)>$T$2,SUMIF($C$6:$C$30,C13,$H$6:$H$30)>$V$2)),"ПРЕВЫШЕН ЛИМИТ","OK"))))) | H13: =IF(OR(C13="",D13=""),0,IF(F13="",1,F13)) -> 0 | I13: Физические бафы | J13: 10% Melee & Range Haste | K13: =ТЕХ_Расчет!K$43 -> 0 | L13: =IF(K13=0,"НЕ ХВАТАЕТ",IF(K13=1,"ЕСТЬ","ЕСТЬ ЗАПАС")) -> НЕ ХВАТАЕТ | M13: ='СПРАВОЧНИК ЭФФЕКТОВ'!C11 -> Критично | N13: =IF(M13="Критично",3,IF(M13="Важно",2,IF(M13="Опционально",1,0))) -> 3 | O13: НЕДОСТАЮЩИЕ ЭФФЕКТЫ — ПРИОРИТЕТ И ИСТОЧНИКИ
A14: 9 | F14: 1 | G14: =IF(AND(C14="",D14=""),"",IF(OR(C14="",D14=""),"ЗАПОЛНИ ПАРУ",IF(COUNTIFS(ТЕХ_Списки!$A$2:$A$71,C14,ТЕХ_Списки!$B$2:$B$71,D14)<>1,"НЕВЕРНАЯ ПАРА",IF(E14="","РОЛЬ НЕ НАЙДЕНА",IF(AND($R$2<>"Без ограничений",OR(SUMIF(ТЕХ_Расчет!$A$2:$A$26,C14&"§"&D14,ТЕХ_Расчет!$B$2:$B$26)>$T$2,SUMIF($C$6:$C$30,C14,$H$6:$H$30)>$V$2)),"ПРЕВЫШЕН ЛИМИТ","OK"))))) | H14: =IF(OR(C14="",D14=""),0,IF(F14="",1,F14)) -> 0 | I14: Кастерские бафы | J14: Intellect | K14: =ТЕХ_Расчет!L$43 -> 0 | L14: =IF(K14=0,"НЕ ХВАТАЕТ",IF(K14=1,"ЕСТЬ","ЕСТЬ ЗАПАС")) -> НЕ ХВАТАЕТ | M14: ='СПРАВОЧНИК ЭФФЕКТОВ'!C12 -> Важно | N14: =IF(M14="Критично",3,IF(M14="Важно",2,IF(M14="Опционально",1,0))) -> 2 | O14: Приор. | P14: Эффект | S14: Кто даёт
A15: 10 | G15: =IF(AND(C15="",D15=""),"",IF(OR(C15="",D15=""),"ЗАПОЛНИ ПАРУ",IF(COUNTIFS(ТЕХ_Списки!$A$2:$A$71,C15,ТЕХ_Списки!$B$2:$B$71,D15)<>1,"НЕВЕРНАЯ ПАРА",IF(E15="","РОЛЬ НЕ НАЙДЕНА",IF(AND($R$2<>"Без ограничений",OR(SUMIF(ТЕХ_Расчет!$A$2:$A$26,C15&"§"&D15,ТЕХ_Расчет!$B$2:$B$26)>$T$2,SUMIF($C$6:$C$30,C15,$H$6:$H$30)>$V$2)),"ПРЕВЫШЕН ЛИМИТ","OK"))))) | H15: =IF(OR(C15="",D15=""),0,IF(F15="",1,F15)) -> 0 | I15: Кастерские бафы | J15: Spirit | K15: =ТЕХ_Расчет!M$43 -> 0 | L15: =IF(K15=0,"НЕ ХВАТАЕТ",IF(K15=1,"ЕСТЬ","ЕСТЬ ЗАПАС")) -> НЕ ХВАТАЕТ | M15: ='СПРАВОЧНИК ЭФФЕКТОВ'!C13 -> Важно | N15: =IF(M15="Критично",3,IF(M15="Важно",2,IF(M15="Опционально",1,0))) -> 2 | O15: =IFERROR(INDEX(ТЕХ_Подсказки!$BU$2:$BU$46,MATCH(LARGE(ТЕХ_Подсказки!$BX$2:$BX$46,1),ТЕХ_Подсказки!$BX$2:$BX$46,0)),"") -> Критично | P15: =IFERROR(INDEX(ТЕХ_Подсказки!$BT$2:$BT$46,MATCH(LARGE(ТЕХ_Подсказки!$BX$2:$BX$46,1),ТЕХ_Подсказки!$BX$2:$BX$46,0)),"") -> Defensive Cooldown (Raid-Wide) | S15: =IFERROR(INDEX(ТЕХ_Подсказки!$BW$2:$BW$46,MATCH(LARGE(ТЕХ_Подсказки!$BX$2:$BX$46,1),ТЕХ_Подсказки!$BX$2:$BX$46,0)),"") -> Felsworn — Tyrant; Sun Cleric — Seraphim; Templar — Oathkeeper; Witch Hunter — Black Knight
A16: 11 | E16: =IF(OR(C16="",D16=""),"",IFERROR(INDEX(ТЕХ_Списки!$C$2:$C$71,MATCH(C16&"§"&D16,ТЕХ_Списки!$D$2:$D$71,0)),"")) | G16: =IF(AND(C16="",D16=""),"",IF(OR(C16="",D16=""),"ЗАПОЛНИ ПАРУ",IF(COUNTIFS(ТЕХ_Списки!$A$2:$A$71,C16,ТЕХ_Списки!$B$2:$B$71,D16)<>1,"НЕВЕРНАЯ ПАРА",IF(E16="","РОЛЬ НЕ НАЙДЕНА",IF(AND($R$2<>"Без ограничений",OR(SUMIF(ТЕХ_Расчет!$A$2:$A$26,C16&"§"&D16,ТЕХ_Расчет!$B$2:$B$26)>$T$2,SUMIF($C$6:$C$30,C16,$H$6:$H$30)>$V$2)),"ПРЕВЫШЕН ЛИМИТ","OK"))))) | H16: =IF(OR(C16="",D16=""),0,IF(F16="",1,F16)) -> 0 | I16: Кастерские бафы | J16: Spell Power | K16: =ТЕХ_Расчет!N$43 -> 0 | L16: =IF(K16=0,"НЕ ХВАТАЕТ",IF(K16=1,"ЕСТЬ","ЕСТЬ ЗАПАС")) -> НЕ ХВАТАЕТ | M16: ='СПРАВОЧНИК ЭФФЕКТОВ'!C14 -> Важно | N16: =IF(M16="Критично",3,IF(M16="Важно",2,IF(M16="Опционально",1,0))) -> 2 | O16: =IFERROR(INDEX(ТЕХ_Подсказки!$BU$2:$BU$46,MATCH(LARGE(ТЕХ_Подсказки!$BX$2:$BX$46,2),ТЕХ_Подсказки!$BX$2:$BX$46,0)),"") -> Критично | P16: =IFERROR(INDEX(ТЕХ_Подсказки!$BT$2:$BT$46,MATCH(LARGE(ТЕХ_Подсказки!$BX$2:$BX$46,2),ТЕХ_Подсказки!$BX$2:$BX$46,0)),"") -> Heroism | Bloodlust | S16: =IFERROR(INDEX(ТЕХ_Подсказки!$BW$2:$BW$46,MATCH(LARGE(ТЕХ_Подсказки!$BX$2:$BX$46,2),ТЕХ_Подсказки!$BX$2:$BX$46,0)),"") -> Barbarian — Ancestry; Bloodmage — Fleshweaver; Guardian — Inspiration; Primalist — Grovekeeper; + ещё 2 классов
A17: 12 | E17: =IF(OR(C17="",D17=""),"",IFERROR(INDEX(ТЕХ_Списки!$C$2:$C$71,MATCH(C17&"§"&D17,ТЕХ_Списки!$D$2:$D$71,0)),"")) | G17: =IF(AND(C17="",D17=""),"",IF(OR(C17="",D17=""),"ЗАПОЛНИ ПАРУ",IF(COUNTIFS(ТЕХ_Списки!$A$2:$A$71,C17,ТЕХ_Списки!$B$2:$B$71,D17)<>1,"НЕВЕРНАЯ ПАРА",IF(E17="","РОЛЬ НЕ НАЙДЕНА",IF(AND($R$2<>"Без ограничений",OR(SUMIF(ТЕХ_Расчет!$A$2:$A$26,C17&"§"&D17,ТЕХ_Расчет!$B$2:$B$26)>$T$2,SUMIF($C$6:$C$30,C17,$H$6:$H$30)>$V$2)),"ПРЕВЫШЕН ЛИМИТ","OK"))))) | H17: =IF(OR(C17="",D17=""),0,IF(F17="",1,F17)) -> 0 | I17: Кастерские бафы | J17: 3% Spell Haste | K17: =ТЕХ_Расчет!O$43 -> 0 | L17: =IF(K17=0,"НЕ ХВАТАЕТ",IF(K17=1,"ЕСТЬ","ЕСТЬ ЗАПАС")) -> НЕ ХВАТАЕТ | M17: ='СПРАВОЧНИК ЭФФЕКТОВ'!C15 -> Критично | N17: =IF(M17="Критично",3,IF(M17="Важно",2,IF(M17="Опционально",1,0))) -> 3 | O17: =IFERROR(INDEX(ТЕХ_Подсказки!$BU$2:$BU$46,MATCH(LARGE(ТЕХ_Подсказки!$BX$2:$BX$46,3),ТЕХ_Подсказки!$BX$2:$BX$46,0)),"") -> Критично | P17: =IFERROR(INDEX(ТЕХ_Подсказки!$BT$2:$BT$46,MATCH(LARGE(ТЕХ_Подсказки!$BX$2:$BX$46,3),ТЕХ_Подсказки!$BX$2:$BX$46,0)),"") -> Armor | S17: =IFERROR(INDEX(ТЕХ_Подсказки!$BW$2:$BW$46,MATCH(LARGE(ТЕХ_Подсказки!$BX$2:$BX$46,3),ТЕХ_Подсказки!$BX$2:$BX$46,0)),"") -> Barbarian — Ancestry; Bloodmage — Fleshweaver; Felsworn — Slaying; Guardian — Inspiration; + ещё 3 классов
A18: 13 | E18: =IF(OR(C18="",D18=""),"",IFERROR(INDEX(ТЕХ_Списки!$C$2:$C$71,MATCH(C18&"§"&D18,ТЕХ_Списки!$D$2:$D$71,0)),"")) | G18: =IF(AND(C18="",D18=""),"",IF(OR(C18="",D18=""),"ЗАПОЛНИ ПАРУ",IF(COUNTIFS(ТЕХ_Списки!$A$2:$A$71,C18,ТЕХ_Списки!$B$2:$B$71,D18)<>1,"НЕВЕРНАЯ ПАРА",IF(E18="","РОЛЬ НЕ НАЙДЕНА",IF(AND($R$2<>"Без ограничений",OR(SUMIF(ТЕХ_Расчет!$A$2:$A$26,C18&"§"&D18,ТЕХ_Расчет!$B$2:$B$26)>$T$2,SUMIF($C$6:$C$30,C18,$H$6:$H$30)>$V$2)),"ПРЕВЫШЕН ЛИМИТ","OK"))))) | H18: =IF(OR(C18="",D18=""),0,IF(F18="",1,F18)) -> 0 | I18: Кастерские бафы | J18: Mana Regeneration | K18: =ТЕХ_Расчет!P$43 -> 0 | L18: =IF(K18=0,"НЕ ХВАТАЕТ",IF(K18=1,"ЕСТЬ","ЕСТЬ ЗАПАС")) -> НЕ ХВАТАЕТ | M18: ='СПРАВОЧНИК ЭФФЕКТОВ'!C16 -> Важно | N18: =IF(M18="Критично",3,IF(M18="Важно",2,IF(M18="Опционально",1,0))) -> 2 | O18: =IFERROR(INDEX(ТЕХ_Подсказки!$BU$2:$BU$46,MATCH(LARGE(ТЕХ_Подсказки!$BX$2:$BX$46,4),ТЕХ_Подсказки!$BX$2:$BX$46,0)),"") -> Критично | P18: =IFERROR(INDEX(ТЕХ_Подсказки!$BT$2:$BT$46,MATCH(LARGE(ТЕХ_Подсказки!$BX$2:$BX$46,4),ТЕХ_Подсказки!$BX$2:$BX$46,0)),"") -> 3% Spell Hit | S18: =IFERROR(INDEX(ТЕХ_Подсказки!$BW$2:$BW$46,MATCH(LARGE(ТЕХ_Подсказки!$BX$2:$BX$46,4),ТЕХ_Подсказки!$BX$2:$BX$46,0)),"") -> Chronomancer — Infinite; Cultist — Corruption; Felsworn — Infernal; Primalist — Geomancy; + ещё 3 классов
A19: 14 | E19: =IF(OR(C19="",D19=""),"",IFERROR(INDEX(ТЕХ_Списки!$C$2:$C$71,MATCH(C19&"§"&D19,ТЕХ_Списки!$D$2:$D$71,0)),"")) | G19: =IF(AND(C19="",D19=""),"",IF(OR(C19="",D19=""),"ЗАПОЛНИ ПАРУ",IF(COUNTIFS(ТЕХ_Списки!$A$2:$A$71,C19,ТЕХ_Списки!$B$2:$B$71,D19)<>1,"НЕВЕРНАЯ ПАРА",IF(E19="","РОЛЬ НЕ НАЙДЕНА",IF(AND($R$2<>"Без ограничений",OR(SUMIF(ТЕХ_Расчет!$A$2:$A$26,C19&"§"&D19,ТЕХ_Расчет!$B$2:$B$26)>$T$2,SUMIF($C$6:$C$30,C19,$H$6:$H$30)>$V$2)),"ПРЕВЫШЕН ЛИМИТ","OK"))))) | H19: =IF(OR(C19="",D19=""),0,IF(F19="",1,F19)) -> 0 | I19: Кастерские бафы | J19: Replenishment | K19: =ТЕХ_Расчет!Q$43 -> 0 | L19: =IF(K19=0,"НЕ ХВАТАЕТ",IF(K19=1,"ЕСТЬ","ЕСТЬ ЗАПАС")) -> НЕ ХВАТАЕТ | M19: ='СПРАВОЧНИК ЭФФЕКТОВ'!C17 -> Критично | N19: =IF(M19="Критично",3,IF(M19="Важно",2,IF(M19="Опционально",1,0))) -> 3 | O19: =IFERROR(INDEX(ТЕХ_Подсказки!$BU$2:$BU$46,MATCH(LARGE(ТЕХ_Подсказки!$BX$2:$BX$46,5),ТЕХ_Подсказки!$BX$2:$BX$46,0)),"") -> Критично | P19: =IFERROR(INDEX(ТЕХ_Подсказки!$BT$2:$BT$46,MATCH(LARGE(ТЕХ_Подсказки!$BX$2:$BX$46,5),ТЕХ_Подсказки!$BX$2:$BX$46,0)),"") -> 4% Physical Damage | S19: =IFERROR(INDEX(ТЕХ_Подсказки!$BW$2:$BW$46,MATCH(LARGE(ТЕХ_Подсказки!$BX$2:$BX$46,5),ТЕХ_Подсказки!$BX$2:$BX$46,0)),"") -> Barbarian — Brutality; Felsworn — Tyrant; Guardian — Gladiator; Knight of Xoroth — War; + ещё 3 классов
A20: 15 | E20: =IF(OR(C20="",D20=""),"",IFERROR(INDEX(ТЕХ_Списки!$C$2:$C$71,MATCH(C20&"§"&D20,ТЕХ_Списки!$D$2:$D$71,0)),"")) | G20: =IF(AND(C20="",D20=""),"",IF(OR(C20="",D20=""),"ЗАПОЛНИ ПАРУ",IF(COUNTIFS(ТЕХ_Списки!$A$2:$A$71,C20,ТЕХ_Списки!$B$2:$B$71,D20)<>1,"НЕВЕРНАЯ ПАРА",IF(E20="","РОЛЬ НЕ НАЙДЕНА",IF(AND($R$2<>"Без ограничений",OR(SUMIF(ТЕХ_Расчет!$A$2:$A$26,C20&"§"&D20,ТЕХ_Расчет!$B$2:$B$26)>$T$2,SUMIF($C$6:$C$30,C20,$H$6:$H$30)>$V$2)),"ПРЕВЫШЕН ЛИМИТ","OK"))))) | H20: =IF(OR(C20="",D20=""),0,IF(F20="",1,F20)) -> 0 | I20: Кастерские бафы | J20: Strong Mana Cooldown | K20: =ТЕХ_Расчет!R$43 -> 0 | L20: =IF(K20=0,"НЕ ХВАТАЕТ",IF(K20=1,"ЕСТЬ","ЕСТЬ ЗАПАС")) -> НЕ ХВАТАЕТ | M20: ='СПРАВОЧНИК ЭФФЕКТОВ'!C18 -> Опционально | N20: =IF(M20="Критично",3,IF(M20="Важно",2,IF(M20="Опционально",1,0))) -> 1 | O20: =IFERROR(INDEX(ТЕХ_Подсказки!$BU$2:$BU$46,MATCH(LARGE(ТЕХ_Подсказки!$BX$2:$BX$46,6),ТЕХ_Подсказки!$BX$2:$BX$46,0)),"") -> Критично | P20: =IFERROR(INDEX(ТЕХ_Подсказки!$BT$2:$BT$46,MATCH(LARGE(ТЕХ_Подсказки!$BX$2:$BX$46,6),ТЕХ_Подсказки!$BX$2:$BX$46,0)),"") -> 3% Damage Done (all) | S20: =IFERROR(INDEX(ТЕХ_Подсказки!$BW$2:$BW$46,MATCH(LARGE(ТЕХ_Подсказки!$BX$2:$BX$46,6),ТЕХ_Подсказки!$BX$2:$BX$46,0)),"") -> Chronomancer — Infinite; Felsworn — Tyrant; Knight of Xoroth — Hellfire; Necromancer — Animation; + ещё 5 классов
A21: 16 | E21: =IF(OR(C21="",D21=""),"",IFERROR(INDEX(ТЕХ_Списки!$C$2:$C$71,MATCH(C21&"§"&D21,ТЕХ_Списки!$D$2:$D$71,0)),"")) | G21: =IF(AND(C21="",D21=""),"",IF(OR(C21="",D21=""),"ЗАПОЛНИ ПАРУ",IF(COUNTIFS(ТЕХ_Списки!$A$2:$A$71,C21,ТЕХ_Списки!$B$2:$B$71,D21)<>1,"НЕВЕРНАЯ ПАРА",IF(E21="","РОЛЬ НЕ НАЙДЕНА",IF(AND($R$2<>"Без ограничений",OR(SUMIF(ТЕХ_Расчет!$A$2:$A$26,C21&"§"&D21,ТЕХ_Расчет!$B$2:$B$26)>$T$2,SUMIF($C$6:$C$30,C21,$H$6:$H$30)>$V$2)),"ПРЕВЫШЕН ЛИМИТ","OK"))))) | H21: =IF(OR(C21="",D21=""),0,IF(F21="",1,F21)) -> 0 | I21: Утилити-бафы | J21: 3% Critical Strike (all) | K21: =ТЕХ_Расчет!S$43 -> 0 | L21: =IF(K21=0,"НЕ ХВАТАЕТ",IF(K21=1,"ЕСТЬ","ЕСТЬ ЗАПАС")) -> НЕ ХВАТАЕТ | M21: ='СПРАВОЧНИК ЭФФЕКТОВ'!C19 -> Критично | N21: =IF(M21="Критично",3,IF(M21="Важно",2,IF(M21="Опционально",1,0))) -> 3 | O21: =IFERROR(INDEX(ТЕХ_Подсказки!$BU$2:$BU$46,MATCH(LARGE(ТЕХ_Подсказки!$BX$2:$BX$46,7),ТЕХ_Подсказки!$BX$2:$BX$46,0)),"") -> Критично | P21: =IFERROR(INDEX(ТЕХ_Подсказки!$BT$2:$BT$46,MATCH(LARGE(ТЕХ_Подсказки!$BX$2:$BX$46,7),ТЕХ_Подсказки!$BX$2:$BX$46,0)),"") -> 5% Attack Power | S21: =IFERROR(INDEX(ТЕХ_Подсказки!$BW$2:$BW$46,MATCH(LARGE(ТЕХ_Подсказки!$BX$2:$BX$46,7),ТЕХ_Подсказки!$BX$2:$BX$46,0)),"") -> Bloodmage — Eternal; Guardian — Gladiator; Knight of Xoroth — Hellfire; Primalist — Wildwalker; + ещё 5 классов
A22: 17 | E22: =IF(OR(C22="",D22=""),"",IFERROR(INDEX(ТЕХ_Списки!$C$2:$C$71,MATCH(C22&"§"&D22,ТЕХ_Списки!$D$2:$D$71,0)),"")) | G22: =IF(AND(C22="",D22=""),"",IF(OR(C22="",D22=""),"ЗАПОЛНИ ПАРУ",IF(COUNTIFS(ТЕХ_Списки!$A$2:$A$71,C22,ТЕХ_Списки!$B$2:$B$71,D22)<>1,"НЕВЕРНАЯ ПАРА",IF(E22="","РОЛЬ НЕ НАЙДЕНА",IF(AND($R$2<>"Без ограничений",OR(SUMIF(ТЕХ_Расчет!$A$2:$A$26,C22&"§"&D22,ТЕХ_Расчет!$B$2:$B$26)>$T$2,SUMIF($C$6:$C$30,C22,$H$6:$H$30)>$V$2)),"ПРЕВЫШЕН ЛИМИТ","OK"))))) | H22: =IF(OR(C22="",D22=""),0,IF(F22="",1,F22)) -> 0 | I22: Утилити-бафы | J22: 3% Damage Done (all) | K22: =ТЕХ_Расчет!T$43 -> 0 | L22: =IF(K22=0,"НЕ ХВАТАЕТ",IF(K22=1,"ЕСТЬ","ЕСТЬ ЗАПАС")) -> НЕ ХВАТАЕТ | M22: ='СПРАВОЧНИК ЭФФЕКТОВ'!C20 -> Критично | N22: =IF(M22="Критично",3,IF(M22="Важно",2,IF(M22="Опционально",1,0))) -> 3 | O22: =IFERROR(INDEX(ТЕХ_Подсказки!$BU$2:$BU$46,MATCH(LARGE(ТЕХ_Подсказки!$BX$2:$BX$46,8),ТЕХ_Подсказки!$BX$2:$BX$46,0)),"") -> Критично | P22: =IFERROR(INDEX(ТЕХ_Подсказки!$BT$2:$BT$46,MATCH(LARGE(ТЕХ_Подсказки!$BX$2:$BX$46,8),ТЕХ_Подсказки!$BX$2:$BX$46,0)),"") -> 10% Melee & Range Haste | S22: =IFERROR(INDEX(ТЕХ_Подсказки!$BW$2:$BW$46,MATCH(LARGE(ТЕХ_Подсказки!$BX$2:$BX$46,8),ТЕХ_Подсказки!$BX$2:$BX$46,0)),"") -> Ranger — любой спек; Runemaster — Engravement; Starcaller — Sentinel; Templar — Zealot; + ещё 4 классов
A23: 18 | E23: =IF(OR(C23="",D23=""),"",IFERROR(INDEX(ТЕХ_Списки!$C$2:$C$71,MATCH(C23&"§"&D23,ТЕХ_Списки!$D$2:$D$71,0)),"")) | G23: =IF(AND(C23="",D23=""),"",IF(OR(C23="",D23=""),"ЗАПОЛНИ ПАРУ",IF(COUNTIFS(ТЕХ_Списки!$A$2:$A$71,C23,ТЕХ_Списки!$B$2:$B$71,D23)<>1,"НЕВЕРНАЯ ПАРА",IF(E23="","РОЛЬ НЕ НАЙДЕНА",IF(AND($R$2<>"Без ограничений",OR(SUMIF(ТЕХ_Расчет!$A$2:$A$26,C23&"§"&D23,ТЕХ_Расчет!$B$2:$B$26)>$T$2,SUMIF($C$6:$C$30,C23,$H$6:$H$30)>$V$2)),"ПРЕВЫШЕН ЛИМИТ","OK"))))) | H23: =IF(OR(C23="",D23=""),0,IF(F23="",1,F23)) -> 0 | I23: Утилити-бафы | J23: Small Resistances (all) | K23: =ТЕХ_Расчет!U$43 -> 0 | L23: =IF(K23=0,"НЕ ХВАТАЕТ",IF(K23=1,"ЕСТЬ","ЕСТЬ ЗАПАС")) -> НЕ ХВАТАЕТ | M23: ='СПРАВОЧНИК ЭФФЕКТОВ'!C21 -> Опционально | N23: =IF(M23="Критично",3,IF(M23="Важно",2,IF(M23="Опционально",1,0))) -> 1
A24: 19 | E24: =IF(OR(C24="",D24=""),"",IFERROR(INDEX(ТЕХ_Списки!$C$2:$C$71,MATCH(C24&"§"&D24,ТЕХ_Списки!$D$2:$D$71,0)),"")) | G24: =IF(AND(C24="",D24=""),"",IF(OR(C24="",D24=""),"ЗАПОЛНИ ПАРУ",IF(COUNTIFS(ТЕХ_Списки!$A$2:$A$71,C24,ТЕХ_Списки!$B$2:$B$71,D24)<>1,"НЕВЕРНАЯ ПАРА",IF(E24="","РОЛЬ НЕ НАЙДЕНА",IF(AND($R$2<>"Без ограничений",OR(SUMIF(ТЕХ_Расчет!$A$2:$A$26,C24&"§"&D24,ТЕХ_Расчет!$B$2:$B$26)>$T$2,SUMIF($C$6:$C$30,C24,$H$6:$H$30)>$V$2)),"ПРЕВЫШЕН ЛИМИТ","OK"))))) | H24: =IF(OR(C24="",D24=""),0,IF(F24="",1,F24)) -> 0 | I24: Утилити-бафы | J24: Fire Resistance | K24: =ТЕХ_Расчет!V$43 -> 0 | L24: =IF(K24=0,"НЕ ХВАТАЕТ",IF(K24=1,"ЕСТЬ","ЕСТЬ ЗАПАС")) -> НЕ ХВАТАЕТ | M24: ='СПРАВОЧНИК ЭФФЕКТОВ'!C22 -> Опционально | N24: =IF(M24="Критично",3,IF(M24="Важно",2,IF(M24="Опционально",1,0))) -> 1 | O24: ПРОВЕРИТЬ КОНКРЕТНЫЙ ЭФФЕКТ
A25: 20 | E25: =IF(OR(C25="",D25=""),"",IFERROR(INDEX(ТЕХ_Списки!$C$2:$C$71,MATCH(C25&"§"&D25,ТЕХ_Списки!$D$2:$D$71,0)),"")) | G25: =IF(AND(C25="",D25=""),"",IF(OR(C25="",D25=""),"ЗАПОЛНИ ПАРУ",IF(COUNTIFS(ТЕХ_Списки!$A$2:$A$71,C25,ТЕХ_Списки!$B$2:$B$71,D25)<>1,"НЕВЕРНАЯ ПАРА",IF(E25="","РОЛЬ НЕ НАЙДЕНА",IF(AND($R$2<>"Без ограничений",OR(SUMIF(ТЕХ_Расчет!$A$2:$A$26,C25&"§"&D25,ТЕХ_Расчет!$B$2:$B$26)>$T$2,SUMIF($C$6:$C$30,C25,$H$6:$H$30)>$V$2)),"ПРЕВЫШЕН ЛИМИТ","OK"))))) | H25: =IF(OR(C25="",D25=""),0,IF(F25="",1,F25)) -> 0 | I25: Утилити-бафы | J25: Frost Resistance | K25: =ТЕХ_Расчет!W$43 -> 0 | L25: =IF(K25=0,"НЕ ХВАТАЕТ",IF(K25=1,"ЕСТЬ","ЕСТЬ ЗАПАС")) -> НЕ ХВАТАЕТ | M25: ='СПРАВОЧНИК ЭФФЕКТОВ'!C23 -> Опционально | N25: =IF(M25="Критично",3,IF(M25="Важно",2,IF(M25="Опционально",1,0))) -> 1 | O25: Эффект | U25: Статус | V25: =IFERROR(INDEX('СПРАВОЧНИК ЭФФЕКТОВ'!$E$4:$E$48,MATCH(P25,'СПРАВОЧНИК ЭФФЕКТОВ'!$B$4:$B$48,0)),"")
A26: 21 | E26: =IF(OR(C26="",D26=""),"",IFERROR(INDEX(ТЕХ_Списки!$C$2:$C$71,MATCH(C26&"§"&D26,ТЕХ_Списки!$D$2:$D$71,0)),"")) | G26: =IF(AND(C26="",D26=""),"",IF(OR(C26="",D26=""),"ЗАПОЛНИ ПАРУ",IF(COUNTIFS(ТЕХ_Списки!$A$2:$A$71,C26,ТЕХ_Списки!$B$2:$B$71,D26)<>1,"НЕВЕРНАЯ ПАРА",IF(E26="","РОЛЬ НЕ НАЙДЕНА",IF(AND($R$2<>"Без ограничений",OR(SUMIF(ТЕХ_Расчет!$A$2:$A$26,C26&"§"&D26,ТЕХ_Расчет!$B$2:$B$26)>$T$2,SUMIF($C$6:$C$30,C26,$H$6:$H$30)>$V$2)),"ПРЕВЫШЕН ЛИМИТ","OK"))))) | H26: =IF(OR(C26="",D26=""),0,IF(F26="",1,F26)) -> 0 | I26: Утилити-бафы | J26: Nature Resistance | K26: =ТЕХ_Расчет!X$43 -> 0 | L26: =IF(K26=0,"НЕ ХВАТАЕТ",IF(K26=1,"ЕСТЬ","ЕСТЬ ЗАПАС")) -> НЕ ХВАТАЕТ | M26: ='СПРАВОЧНИК ЭФФЕКТОВ'!C24 -> Опционально | N26: =IF(M26="Критично",3,IF(M26="Важно",2,IF(M26="Опционально",1,0))) -> 1 | O26: Кто закрывает | P26: =IFERROR(INDEX('СПРАВОЧНИК ЭФФЕКТОВ'!$L$4:$L$48,MATCH(P25,'СПРАВОЧНИК ЭФФЕКТОВ'!$B$4:$B$48,0)),"")
A27: 22 | E27: =IF(OR(C27="",D27=""),"",IFERROR(INDEX(ТЕХ_Списки!$C$2:$C$71,MATCH(C27&"§"&D27,ТЕХ_Списки!$D$2:$D$71,0)),"")) | G27: =IF(AND(C27="",D27=""),"",IF(OR(C27="",D27=""),"ЗАПОЛНИ ПАРУ",IF(COUNTIFS(ТЕХ_Списки!$A$2:$A$71,C27,ТЕХ_Списки!$B$2:$B$71,D27)<>1,"НЕВЕРНАЯ ПАРА",IF(E27="","РОЛЬ НЕ НАЙДЕНА",IF(AND($R$2<>"Без ограничений",OR(SUMIF(ТЕХ_Расчет!$A$2:$A$26,C27&"§"&D27,ТЕХ_Расчет!$B$2:$B$26)>$T$2,SUMIF($C$6:$C$30,C27,$H$6:$H$30)>$V$2)),"ПРЕВЫШЕН ЛИМИТ","OK"))))) | H27: =IF(OR(C27="",D27=""),0,IF(F27="",1,F27)) -> 0 | I27: Утилити-бафы | J27: Shadow Resistance | K27: =ТЕХ_Расчет!Y$43 -> 0 | L27: =IF(K27=0,"НЕ ХВАТАЕТ",IF(K27=1,"ЕСТЬ","ЕСТЬ ЗАПАС")) -> НЕ ХВАТАЕТ | M27: ='СПРАВОЧНИК ЭФФЕКТОВ'!C25 -> Опционально | N27: =IF(M27="Критично",3,IF(M27="Важно",2,IF(M27="Опционально",1,0))) -> 1
A28: 23 | E28: =IF(OR(C28="",D28=""),"",IFERROR(INDEX(ТЕХ_Списки!$C$2:$C$71,MATCH(C28&"§"&D28,ТЕХ_Списки!$D$2:$D$71,0)),"")) | G28: =IF(AND(C28="",D28=""),"",IF(OR(C28="",D28=""),"ЗАПОЛНИ ПАРУ",IF(COUNTIFS(ТЕХ_Списки!$A$2:$A$71,C28,ТЕХ_Списки!$B$2:$B$71,D28)<>1,"НЕВЕРНАЯ ПАРА",IF(E28="","РОЛЬ НЕ НАЙДЕНА",IF(AND($R$2<>"Без ограничений",OR(SUMIF(ТЕХ_Расчет!$A$2:$A$26,C28&"§"&D28,ТЕХ_Расчет!$B$2:$B$26)>$T$2,SUMIF($C$6:$C$30,C28,$H$6:$H$30)>$V$2)),"ПРЕВЫШЕН ЛИМИТ","OK"))))) | H28: =IF(OR(C28="",D28=""),0,IF(F28="",1,F28)) -> 0 | I28: Утилити-бафы | J28: Arcane Resistance | K28: =ТЕХ_Расчет!Z$43 -> 0 | L28: =IF(K28=0,"НЕ ХВАТАЕТ",IF(K28=1,"ЕСТЬ","ЕСТЬ ЗАПАС")) -> НЕ ХВАТАЕТ | M28: ='СПРАВОЧНИК ЭФФЕКТОВ'!C26 -> Опционально | N28: =IF(M28="Критично",3,IF(M28="Важно",2,IF(M28="Опционально",1,0))) -> 1 | O28: БАЛАНС РОЛЕЙ | S28: БЫСТРЫЕ УБИЙСТВА
A29: 24 | E29: =IF(OR(C29="",D29=""),"",IFERROR(INDEX(ТЕХ_Списки!$C$2:$C$71,MATCH(C29&"§"&D29,ТЕХ_Списки!$D$2:$D$71,0)),"")) | G29: =IF(AND(C29="",D29=""),"",IF(OR(C29="",D29=""),"ЗАПОЛНИ ПАРУ",IF(COUNTIFS(ТЕХ_Списки!$A$2:$A$71,C29,ТЕХ_Списки!$B$2:$B$71,D29)<>1,"НЕВЕРНАЯ ПАРА",IF(E29="","РОЛЬ НЕ НАЙДЕНА",IF(AND($R$2<>"Без ограничений",OR(SUMIF(ТЕХ_Расчет!$A$2:$A$26,C29&"§"&D29,ТЕХ_Расчет!$B$2:$B$26)>$T$2,SUMIF($C$6:$C$30,C29,$H$6:$H$30)>$V$2)),"ПРЕВЫШЕН ЛИМИТ","OK"))))) | H29: =IF(OR(C29="",D29=""),0,IF(F29="",1,F29)) -> 0 | I29: Утилити-бафы | J29: 5% Resource Reduction | K29: =ТЕХ_Расчет!AA$43 -> 0 | L29: =IF(K29=0,"НЕ ХВАТАЕТ",IF(K29=1,"ЕСТЬ","ЕСТЬ ЗАПАС")) -> НЕ ХВАТАЕТ | M29: ='СПРАВОЧНИК ЭФФЕКТОВ'!C27 -> Опционально | N29: =IF(M29="Критично",3,IF(M29="Важно",2,IF(M29="Опционально",1,0))) -> 1 | O29: Роль | P29: Цель | Q29: Сейчас | R29: Нужно | S29: Рейды ровно на 25: медиана быстрых убийств — 2 танка / 4 хила / 1 саппорт / 18 DPS. Выборка 20–30: 2 / 3 / 2 / 17. Поэтому 3 хила — скоростной профиль, 4 — универсальный. Второй саппорт ценен, пока закрывает критические/важные эффекты; после этого соревнуется с DPS по логам.
A30: 25 | E30: =IF(OR(C30="",D30=""),"",IFERROR(INDEX(ТЕХ_Списки!$C$2:$C$71,MATCH(C30&"§"&D30,ТЕХ_Списки!$D$2:$D$71,0)),"")) | G30: =IF(AND(C30="",D30=""),"",IF(OR(C30="",D30=""),"ЗАПОЛНИ ПАРУ",IF(COUNTIFS(ТЕХ_Списки!$A$2:$A$71,C30,ТЕХ_Списки!$B$2:$B$71,D30)<>1,"НЕВЕРНАЯ ПАРА",IF(E30="","РОЛЬ НЕ НАЙДЕНА",IF(AND($R$2<>"Без ограничений",OR(SUMIF(ТЕХ_Расчет!$A$2:$A$26,C30&"§"&D30,ТЕХ_Расчет!$B$2:$B$26)>$T$2,SUMIF($C$6:$C$30,C30,$H$6:$H$30)>$V$2)),"ПРЕВЫШЕН ЛИМИТ","OK"))))) | H30: =IF(OR(C30="",D30=""),0,IF(F30="",1,F30)) -> 0 | I30: Утилити-бафы | J30: 3% Damage Reduction (all) | K30: =ТЕХ_Расчет!AB$43 -> 0 | L30: =IF(K30=0,"НЕ ХВАТАЕТ",IF(K30=1,"ЕСТЬ","ЕСТЬ ЗАПАС")) -> НЕ ХВАТАЕТ | M30: ='СПРАВОЧНИК ЭФФЕКТОВ'!C28 -> Критично | N30: =IF(M30="Критично",3,IF(M30="Важно",2,IF(M30="Опционально",1,0))) -> 3 | O30: Танк | P30: =2 -> 2 | Q30: =SUMIFS($H$6:$H$30,$E$6:$E$30,O30) -> 0 | R30: =MAX(P30-Q30,0) -> 2
A31: ИТОГО ПО СОСТАВУ | G31: =IF(H31=$R$3,"25 ИЗ 25",IF(H31<$R$3,"ОСТАЛОСЬ "&($R$3-H31),"ЛИШНИХ "&(H31-$R$3))) -> ОСТАЛОСЬ 25 | H31: =SUM(H6:H30) -> 0 | I31: Утилити-бафы | J31: 6% Healing Done | K31: =ТЕХ_Расчет!AC$43 -> 0 | L31: =IF(K31=0,"НЕ ХВАТАЕТ",IF(K31=1,"ЕСТЬ","ЕСТЬ ЗАПАС")) -> НЕ ХВАТАЕТ | M31: ='СПРАВОЧНИК ЭФФЕКТОВ'!C29 -> Опционально | N31: =IF(M31="Критично",3,IF(M31="Важно",2,IF(M31="Опционально",1,0))) -> 1 | O31: Хилер | P31: =IF($P$2="Скорость",3,IF($P$2="Универсальный",4,5)) -> 5 | Q31: =SUMIFS($H$6:$H$30,$E$6:$E$30,O31) -> 0 | R31: =MAX(P31-Q31,0) -> 5
A32: Ниже — расчётные рекомендации. Эти строки не являются участниками рейда и не влияют на покрытие. | I32: Утилити-бафы | J32: Concentration | K32: =ТЕХ_Расчет!AD$43 -> 0 | L32: =IF(K32=0,"НЕ ХВАТАЕТ",IF(K32=1,"ЕСТЬ","ЕСТЬ ЗАПАС")) -> НЕ ХВАТАЕТ | M32: ='СПРАВОЧНИК ЭФФЕКТОВ'!C30 -> Опционально | N32: =IF(M32="Критично",3,IF(M32="Важно",2,IF(M32="Опционально",1,0))) -> 1 | O32: Саппорт | P32: =IF($P$2="Скорость",1,2) -> 2 | Q32: =SUMIFS($H$6:$H$30,$E$6:$E$30,O32) -> 0 | R32: =MAX(P32-Q32,0) -> 2
A33: ТОП-10 СЛЕДУЮЩИХ СЛОТОВ — ПОЛНЫЙ РЕЙТИНГ | I33: Утилити-бафы | J33: Amplify Magic | K33: =ТЕХ_Расчет!AE$43 -> 0 | L33: =IF(K33=0,"НЕ ХВАТАЕТ",IF(K33=1,"ЕСТЬ","ЕСТЬ ЗАПАС")) -> НЕ ХВАТАЕТ | M33: ='СПРАВОЧНИК ЭФФЕКТОВ'!C31 -> Опционально | N33: =IF(M33="Критично",3,IF(M33="Важно",2,IF(M33="Опционально",1,0))) -> 1 | O33: DPS | P33: =$R$3-SUM(P30:P32) -> 16 | Q33: =SUM($H$6:$H$30)-SUM(Q30:Q32) -> 0 | R33: =MAX(P33-Q33,0) -> 16
A34: № | B34: Класс | C34: Специализация | D34: Роль | E34: Крит. | F34: Важн. | G34: Логи | H34: Итог | I34: Утилити-бафы | J34: Dampen Magic | K34: =ТЕХ_Расчет!AF$43 -> 0 | L34: =IF(K34=0,"НЕ ХВАТАЕТ",IF(K34=1,"ЕСТЬ","ЕСТЬ ЗАПАС")) -> НЕ ХВАТАЕТ | M34: ='СПРАВОЧНИК ЭФФЕКТОВ'!C32 -> Опционально | N34: =IF(M34="Критично",3,IF(M34="Важно",2,IF(M34="Опционально",1,0))) -> 1
A35: 1 | B35: =IFERROR(INDEX(ТЕХ_Подсказки!$A$2:$V$71,$N55,1),"") -> Felsworn | C35: =IFERROR(INDEX(ТЕХ_Подсказки!$A$2:$V$71,$N55,2),"") -> Tyrant | D35: =IFERROR(INDEX(ТЕХ_Подсказки!$A$2:$V$71,$N55,3),"") -> Танк | E35: =IFERROR(INDEX(ТЕХ_Подсказки!$A$2:$V$71,$N55,13),"") -> 0 | F35: =IFERROR(INDEX(ТЕХ_Подсказки!$A$2:$V$71,$N55,14),"") -> 0 | G35: =IFERROR(INDEX(ТЕХ_Подсказки!$A$2:$V$71,$N55,9),"") -> 88.24 | H35: =IFERROR(INDEX(ТЕХ_Подсказки!$A$2:$V$71,$N55,19),"") -> 158.24 | I35: Утилити-бафы | J35: Armor | K35: =ТЕХ_Расчет!AG$43 -> 0 | L35: =IF(K35=0,"НЕ ХВАТАЕТ",IF(K35=1,"ЕСТЬ","ЕСТЬ ЗАПАС")) -> НЕ ХВАТАЕТ | M35: ='СПРАВОЧНИК ЭФФЕКТОВ'!C33 -> Критично | N35: =IF(M35="Критично",3,IF(M35="Важно",2,IF(M35="Опционально",1,0))) -> 3
A36: 2 | B36: =IFERROR(INDEX(ТЕХ_Подсказки!$A$2:$V$71,$N56,1),"") -> Pyromancer | C36: =IFERROR(INDEX(ТЕХ_Подсказки!$A$2:$V$71,$N56,2),"") -> Flameweaving | D36: =IFERROR(INDEX(ТЕХ_Подсказки!$A$2:$V$71,$N56,3),"") -> Хилер | E36: =IFERROR(INDEX(ТЕХ_Подсказки!$A$2:$V$71,$N56,13),"") -> 0 | F36: =IFERROR(INDEX(ТЕХ_Подсказки!$A$2:$V$71,$N56,14),"") -> 0 | G36: =IFERROR(INDEX(ТЕХ_Подсказки!$A$2:$V$71,$N56,9),"") -> 94.51 | H36: =IFERROR(INDEX(ТЕХ_Подсказки!$A$2:$V$71,$N56,19),"") -> 149.51 | I36: Утилити-бафы | J36: Defensive Cooldown (Raid-Wide) | K36: =ТЕХ_Расчет!AH$43 -> 0 | L36: =IF(K36=0,"НЕ ХВАТАЕТ",IF(K36=1,"ЕСТЬ","ЕСТЬ ЗАПАС")) -> НЕ ХВАТАЕТ | M36: ='СПРАВОЧНИК ЭФФЕКТОВ'!C34 -> Критично | N36: =IF(M36="Критично",3,IF(M36="Важно",2,IF(M36="Опционально",1,0))) -> 3
A37: 3 | B37: =IFERROR(INDEX(ТЕХ_Подсказки!$A$2:$V$71,$N57,1),"") -> Primalist | C37: =IFERROR(INDEX(ТЕХ_Подсказки!$A$2:$V$71,$N57,2),"") -> Mountain King | D37: =IFERROR(INDEX(ТЕХ_Подсказки!$A$2:$V$71,$N57,3),"") -> Танк | E37: =IFERROR(INDEX(ТЕХ_Подсказки!$A$2:$V$71,$N57,13),"") -> 0 | F37: =IFERROR(INDEX(ТЕХ_Подсказки!$A$2:$V$71,$N57,14),"") -> 0 | G37: =IFERROR(INDEX(ТЕХ_Подсказки!$A$2:$V$71,$N57,9),"") -> 75.84 | H37: =IFERROR(INDEX(ТЕХ_Подсказки!$A$2:$V$71,$N57,19),"") -> 145.84 | I37: Утилити-бафы | J37: Heroism | Bloodlust | K37: =ТЕХ_Расчет!AI$43 -> 0 | L37: =IF(K37=0,"НЕ ХВАТАЕТ",IF(K37=1,"ЕСТЬ","ЕСТЬ ЗАПАС")) -> НЕ ХВАТАЕТ | M37: ='СПРАВОЧНИК ЭФФЕКТОВ'!C35 -> Критично | N37: =IF(M37="Критично",3,IF(M37="Важно",2,IF(M37="Опционально",1,0))) -> 3
A38: 4 | B38: =IFERROR(INDEX(ТЕХ_Подсказки!$A$2:$V$71,$N58,1),"") -> Venomancer | C38: =IFERROR(INDEX(ТЕХ_Подсказки!$A$2:$V$71,$N58,2),"") -> Fortitude | D38: =IFERROR(INDEX(ТЕХ_Подсказки!$A$2:$V$71,$N58,3),"") -> Танк | E38: =IFERROR(INDEX(ТЕХ_Подсказки!$A$2:$V$71,$N58,13),"") -> 0 | F38: =IFERROR(INDEX(ТЕХ_Подсказки!$A$2:$V$71,$N58,14),"") -> 0 | G38: =IFERROR(INDEX(ТЕХ_Подсказки!$A$2:$V$71,$N58,9),"") -> 73.36 | H38: =IFERROR(INDEX(ТЕХ_Подсказки!$A$2:$V$71,$N58,19),"") -> 143.36 | I38: Физические дебафы | J38: 4% Physical Damage | K38: =ТЕХ_Расчет!AJ$43 -> 0 | L38: =IF(K38=0,"НЕ ХВАТАЕТ",IF(K38=1,"ЕСТЬ","ЕСТЬ ЗАПАС")) -> НЕ ХВАТАЕТ | M38: ='СПРАВОЧНИК ЭФФЕКТОВ'!C36 -> Критично | N38: =IF(M38="Критично",3,IF(M38="Важно",2,IF(M38="Опционально",1,0))) -> 3
A39: 5 | B39: =IFERROR(INDEX(ТЕХ_Подсказки!$A$2:$V$71,$N59,1),"") -> Cultist | C39: =IFERROR(INDEX(ТЕХ_Подсказки!$A$2:$V$71,$N59,2),"") -> Heretic | D39: =IFERROR(INDEX(ТЕХ_Подсказки!$A$2:$V$71,$N59,3),"") -> Хилер | E39: =IFERROR(INDEX(ТЕХ_Подсказки!$A$2:$V$71,$N59,13),"") -> 0 | F39: =IFERROR(INDEX(ТЕХ_Подсказки!$A$2:$V$71,$N59,14),"") -> 0 | G39: =IFERROR(INDEX(ТЕХ_Подсказки!$A$2:$V$71,$N59,9),"") -> 88.03 | H39: =IFERROR(INDEX(ТЕХ_Подсказки!$A$2:$V$71,$N59,19),"") -> 143.03 | I39: Физические дебафы | J39: 30% Bleed Damage | K39: =ТЕХ_Расчет!AK$43 -> 0 | L39: =IF(K39=0,"НЕ ХВАТАЕТ",IF(K39=1,"ЕСТЬ","ЕСТЬ ЗАПАС")) -> НЕ ХВАТАЕТ | M39: ='СПРАВОЧНИК ЭФФЕКТОВ'!C37 -> Опционально | N39: =IF(M39="Критично",3,IF(M39="Важно",2,IF(M39="Опционально",1,0))) -> 1
A40: 6 | B40: =IFERROR(INDEX(ТЕХ_Подсказки!$A$2:$V$71,$N60,1),"") -> Bloodmage | C40: =IFERROR(INDEX(ТЕХ_Подсказки!$A$2:$V$71,$N60,2),"") -> Fleshweaver | D40: =IFERROR(INDEX(ТЕХ_Подсказки!$A$2:$V$71,$N60,3),"") -> Саппорт | E40: =IFERROR(INDEX(ТЕХ_Подсказки!$A$2:$V$71,$N60,13),"") -> 0 | F40: =IFERROR(INDEX(ТЕХ_Подсказки!$A$2:$V$71,$N60,14),"") -> 0 | G40: =IFERROR(INDEX(ТЕХ_Подсказки!$A$2:$V$71,$N60,9),"") -> 92.75 | H40: =IFERROR(INDEX(ТЕХ_Подсказки!$A$2:$V$71,$N60,19),"") -> 142.75 | I40: Физические дебафы | J40: Armor Reduction | K40: =ТЕХ_Расчет!AL$43 -> 0 | L40: =IF(K40=0,"НЕ ХВАТАЕТ",IF(K40=1,"ЕСТЬ","ЕСТЬ ЗАПАС")) -> НЕ ХВАТАЕТ | M40: ='СПРАВОЧНИК ЭФФЕКТОВ'!C38 -> Критично | N40: =IF(M40="Критично",3,IF(M40="Важно",2,IF(M40="Опционально",1,0))) -> 3
A41: 7 | B41: =IFERROR(INDEX(ТЕХ_Подсказки!$A$2:$V$71,$N61,1),"") -> Cultist | C41: =IFERROR(INDEX(ТЕХ_Подсказки!$A$2:$V$71,$N61,2),"") -> Dreadnought | D41: =IFERROR(INDEX(ТЕХ_Подсказки!$A$2:$V$71,$N61,3),"") -> Танк | E41: =IFERROR(INDEX(ТЕХ_Подсказки!$A$2:$V$71,$N61,13),"") -> 0 | F41: =IFERROR(INDEX(ТЕХ_Подсказки!$A$2:$V$71,$N61,14),"") -> 0 | G41: =IFERROR(INDEX(ТЕХ_Подсказки!$A$2:$V$71,$N61,9),"") -> 69.09 | H41: =IFERROR(INDEX(ТЕХ_Подсказки!$A$2:$V$71,$N61,19),"") -> 139.09 | I41: Магические дебафы | J41: 10% Spell Damage | K41: =ТЕХ_Расчет!AM$43 -> 0 | L41: =IF(K41=0,"НЕ ХВАТАЕТ",IF(K41=1,"ЕСТЬ","ЕСТЬ ЗАПАС")) -> НЕ ХВАТАЕТ | M41: ='СПРАВОЧНИК ЭФФЕКТОВ'!C39 -> Критично | N41: =IF(M41="Критично",3,IF(M41="Важно",2,IF(M41="Опционально",1,0))) -> 3
A42: 8 | B42: =IFERROR(INDEX(ТЕХ_Подсказки!$A$2:$V$71,$N62,1),"") -> Sun Cleric | C42: =IFERROR(INDEX(ТЕХ_Подсказки!$A$2:$V$71,$N62,2),"") -> Seraphim | D42: =IFERROR(INDEX(ТЕХ_Подсказки!$A$2:$V$71,$N62,3),"") -> Танк | E42: =IFERROR(INDEX(ТЕХ_Подсказки!$A$2:$V$71,$N62,13),"") -> 0 | F42: =IFERROR(INDEX(ТЕХ_Подсказки!$A$2:$V$71,$N62,14),"") -> 0 | G42: =IFERROR(INDEX(ТЕХ_Подсказки!$A$2:$V$71,$N62,9),"") -> 66.39 | H42: =IFERROR(INDEX(ТЕХ_Подсказки!$A$2:$V$71,$N62,19),"") -> 136.39 | I42: Магические дебафы | J42: 3% Spell Critical Strike Chance | K42: =ТЕХ_Расчет!AN$43 -> 0 | L42: =IF(K42=0,"НЕ ХВАТАЕТ",IF(K42=1,"ЕСТЬ","ЕСТЬ ЗАПАС")) -> НЕ ХВАТАЕТ | M42: ='СПРАВОЧНИК ЭФФЕКТОВ'!C40 -> Критично | N42: =IF(M42="Критично",3,IF(M42="Важно",2,IF(M42="Опционально",1,0))) -> 3
A43: 9 | B43: =IFERROR(INDEX(ТЕХ_Подсказки!$A$2:$V$71,$N63,1),"") -> Guardian | C43: =IFERROR(INDEX(ТЕХ_Подсказки!$A$2:$V$71,$N63,2),"") -> Vanguard | D43: =IFERROR(INDEX(ТЕХ_Подсказки!$A$2:$V$71,$N63,3),"") -> Танк | E43: =IFERROR(INDEX(ТЕХ_Подсказки!$A$2:$V$71,$N63,13),"") -> 0 | F43: =IFERROR(INDEX(ТЕХ_Подсказки!$A$2:$V$71,$N63,14),"") -> 0 | G43: =IFERROR(INDEX(ТЕХ_Подсказки!$A$2:$V$71,$N63,9),"") -> 62.16 | H43: =IFERROR(INDEX(ТЕХ_Подсказки!$A$2:$V$71,$N63,19),"") -> 132.16 | I43: Магические дебафы | J43: 3% Spell Hit | K43: =ТЕХ_Расчет!AO$43 -> 0 | L43: =IF(K43=0,"НЕ ХВАТАЕТ",IF(K43=1,"ЕСТЬ","ЕСТЬ ЗАПАС")) -> НЕ ХВАТАЕТ | M43: ='СПРАВОЧНИК ЭФФЕКТОВ'!C41 -> Критично | N43: =IF(M43="Критично",3,IF(M43="Важно",2,IF(M43="Опционально",1,0))) -> 3
A44: 10 | B44: =IFERROR(INDEX(ТЕХ_Подсказки!$A$2:$V$71,$N64,1),"") -> Sun Cleric | C44: =IFERROR(INDEX(ТЕХ_Подсказки!$A$2:$V$71,$N64,2),"") -> Blessings | D44: =IFERROR(INDEX(ТЕХ_Подсказки!$A$2:$V$71,$N64,3),"") -> Хилер | E44: =IFERROR(INDEX(ТЕХ_Подсказки!$A$2:$V$71,$N64,13),"") -> 0 | F44: =IFERROR(INDEX(ТЕХ_Подсказки!$A$2:$V$71,$N64,14),"") -> 0 | G44: =IFERROR(INDEX(ТЕХ_Подсказки!$A$2:$V$71,$N64,9),"") -> 76.48 | H44: =IFERROR(INDEX(ТЕХ_Подсказки!$A$2:$V$71,$N64,19),"") -> 131.48 | I44: Магические дебафы | J44: Resistance Reduction | K44: =ТЕХ_Расчет!AP$43 -> 0 | L44: =IF(K44=0,"НЕ ХВАТАЕТ",IF(K44=1,"ЕСТЬ","ЕСТЬ ЗАПАС")) -> НЕ ХВАТАЕТ | M44: ='СПРАВОЧНИК ЭФФЕКТОВ'!C42 -> Критично | N44: =IF(M44="Критично",3,IF(M44="Важно",2,IF(M44="Опционально",1,0))) -> 3
A45: Подробная причина, список закрываемых эффектов и ролевой контекст для позиции №1 показаны в верхнем блоке справа. | I45: Утилити-дебафы | J45: Attack Power Reduction | K45: =ТЕХ_Расчет!AQ$43 -> 0 | L45: =IF(K45=0,"НЕ ХВАТАЕТ",IF(K45=1,"ЕСТЬ","ЕСТЬ ЗАПАС")) -> НЕ ХВАТАЕТ | M45: ='СПРАВОЧНИК ЭФФЕКТОВ'!C43 -> Критично | N45: =IF(M45="Критично",3,IF(M45="Важно",2,IF(M45="Опционально",1,0))) -> 3
I46: Утилити-дебафы | J46: Attack Speed Slow | K46: =ТЕХ_Расчет!AR$43 -> 0 | L46: =IF(K46=0,"НЕ ХВАТАЕТ",IF(K46=1,"ЕСТЬ","ЕСТЬ ЗАПАС")) -> НЕ ХВАТАЕТ | M46: ='СПРАВОЧНИК ЭФФЕКТОВ'!C44 -> Критично | N46: =IF(M46="Критично",3,IF(M46="Важно",2,IF(M46="Опционально",1,0))) -> 3
I47: Утилити-дебафы | J47: 3% Hit Reduction | K47: =ТЕХ_Расчет!AS$43 -> 0 | L47: =IF(K47=0,"НЕ ХВАТАЕТ",IF(K47=1,"ЕСТЬ","ЕСТЬ ЗАПАС")) -> НЕ ХВАТАЕТ | M47: ='СПРАВОЧНИК ЭФФЕКТОВ'!C45 -> Опционально | N47: =IF(M47="Критично",3,IF(M47="Важно",2,IF(M47="Опционально",1,0))) -> 1
I48: Утилити-дебафы | J48: Healing Reduction | K48: =ТЕХ_Расчет!AT$43 -> 0 | L48: =IF(K48=0,"НЕ ХВАТАЕТ",IF(K48=1,"ЕСТЬ","ЕСТЬ ЗАПАС")) -> НЕ ХВАТАЕТ | M48: ='СПРАВОЧНИК ЭФФЕКТОВ'!C46 -> Опционально | N48: =IF(M48="Критично",3,IF(M48="Важно",2,IF(M48="Опционально",1,0))) -> 1
I49: Утилити-дебафы | J49: Cast Speed Slow | K49: =ТЕХ_Расчет!AU$43 -> 0 | L49: =IF(K49=0,"НЕ ХВАТАЕТ",IF(K49=1,"ЕСТЬ","ЕСТЬ ЗАПАС")) -> НЕ ХВАТАЕТ | M49: ='СПРАВОЧНИК ЭФФЕКТОВ'!C47 -> Опционально | N49: =IF(M49="Критично",3,IF(M49="Важно",2,IF(M49="Опционально",1,0))) -> 1
I50: Утилити-дебафы | J50: Damage Done Reduction (5%) | K50: =ТЕХ_Расчет!AV$43 -> 0 | L50: =IF(K50=0,"НЕ ХВАТАЕТ",IF(K50=1,"ЕСТЬ","ЕСТЬ ЗАПАС")) -> НЕ ХВАТАЕТ | M50: ='СПРАВОЧНИК ЭФФЕКТОВ'!C48 -> Критично | N50: =IF(M50="Критично",3,IF(M50="Важно",2,IF(M50="Опционально",1,0))) -> 3
N52: =NOW() -> 46227.905
N54: =IFERROR(MATCH(MAX(ТЕХ_Подсказки!$T$2:$T$71),ТЕХ_Подсказки!$T$2:$T$71,0),"") -> 7
N55: =IFERROR(MATCH(LARGE(ТЕХ_Подсказки!$T$2:$T$71,1),ТЕХ_Подсказки!$T$2:$T$71,0),"") -> 7
A56: 8 | B56: =IFERROR(INDEX(ТЕХ_Подсказки!$A$2:$A$71,MATCH(LARGE(ТЕХ_Подсказки!$T$2:$T$71,$A56),ТЕХ_Подсказки!$T$2:$T$71,0)),"") -> Sun Cleric | C56: =IFERROR(INDEX(ТЕХ_Подсказки!$B$2:$B$71,MATCH(LARGE(ТЕХ_Подсказки!$T$2:$T$71,$A56),ТЕХ_Подсказки!$T$2:$T$71,0)),"") -> Seraphim | D56: =IFERROR(INDEX(ТЕХ_Подсказки!$C$2:$C$71,MATCH(LARGE(ТЕХ_Подсказки!$T$2:$T$71,$A56),ТЕХ_Подсказки!$T$2:$T$71,0)),"") -> Танк | E56: =IFERROR(INDEX(ТЕХ_Подсказки!$M$2:$M$71,MATCH(LARGE(ТЕХ_Подсказки!$T$2:$T$71,$A56),ТЕХ_Подсказки!$T$2:$T$71,0)),"") -> 0 | F56: =IFERROR(INDEX(ТЕХ_Подсказки!$I$2:$I$71,MATCH(LARGE(ТЕХ_Подсказки!$T$2:$T$71,$A56),ТЕХ_Подсказки!$T$2:$T$71,0)),"") -> 66.39 | G56: =IFERROR(INDEX(ТЕХ_Подсказки!$S$2:$S$71,MATCH(LARGE(ТЕХ_Подсказки!$T$2:$T$71,$A56),ТЕХ_Подсказки!$T$2:$T$71,0)),"") -> 136.39 | H56: =IFERROR(INDEX(ТЕХ_Подсказки!$V$2:$V$71,MATCH(LARGE(ТЕХ_Подсказки!$T$2:$T$71,$A56),ТЕХ_Подсказки!$T$2:$T$71,0)),"") -> Критичные и важные эффекты закрыты — выбор по роли и логам: DTPS 433, 66/100. | N56: =IFERROR(MATCH(LARGE(ТЕХ_Подсказки!$T$2:$T$71,2),ТЕХ_Подсказки!$T$2:$T$71,0),"") -> 1
A57: 9 | B57: =IFERROR(INDEX(ТЕХ_Подсказки!$A$2:$A$71,MATCH(LARGE(ТЕХ_Подсказки!$T$2:$T$71,$A57),ТЕХ_Подсказки!$T$2:$T$71,0)),"") -> Guardian | C57: =IFERROR(INDEX(ТЕХ_Подсказки!$B$2:$B$71,MATCH(LARGE(ТЕХ_Подсказки!$T$2:$T$71,$A57),ТЕХ_Подсказки!$T$2:$T$71,0)),"") -> Vanguard | D57: =IFERROR(INDEX(ТЕХ_Подсказки!$C$2:$C$71,MATCH(LARGE(ТЕХ_Подсказки!$T$2:$T$71,$A57),ТЕХ_Подсказки!$T$2:$T$71,0)),"") -> Танк | E57: =IFERROR(INDEX(ТЕХ_Подсказки!$M$2:$M$71,MATCH(LARGE(ТЕХ_Подсказки!$T$2:$T$71,$A57),ТЕХ_Подсказки!$T$2:$T$71,0)),"") -> 0 | F57: =IFERROR(INDEX(ТЕХ_Подсказки!$I$2:$I$71,MATCH(LARGE(ТЕХ_Подсказки!$T$2:$T$71,$A57),ТЕХ_Подсказки!$T$2:$T$71,0)),"") -> 62.16 | G57: =IFERROR(INDEX(ТЕХ_Подсказки!$S$2:$S$71,MATCH(LARGE(ТЕХ_Подсказки!$T$2:$T$71,$A57),ТЕХ_Подсказки!$T$2:$T$71,0)),"") -> 132.16 | H57: =IFERROR(INDEX(ТЕХ_Подсказки!$V$2:$V$71,MATCH(LARGE(ТЕХ_Подсказки!$T$2:$T$71,$A57),ТЕХ_Подсказки!$T$2:$T$71,0)),"") -> Критичные и важные эффекты закрыты — выбор по роли и логам: DTPS 483, 62/100. | N57: =IFERROR(MATCH(LARGE(ТЕХ_Подсказки!$T$2:$T$71,3),ТЕХ_Подсказки!$T$2:$T$71,0),"") -> 23
A58: 10 | B58: =IFERROR(INDEX(ТЕХ_Подсказки!$A$2:$A$71,MATCH(LARGE(ТЕХ_Подсказки!$T$2:$T$71,$A58),ТЕХ_Подсказки!$T$2:$T$71,0)),"") -> Sun Cleric | C58: =IFERROR(INDEX(ТЕХ_Подсказки!$B$2:$B$71,MATCH(LARGE(ТЕХ_Подсказки!$T$2:$T$71,$A58),ТЕХ_Подсказки!$T$2:$T$71,0)),"") -> Blessings | D58: =IFERROR(INDEX(ТЕХ_Подсказки!$C$2:$C$71,MATCH(LARGE(ТЕХ_Подсказки!$T$2:$T$71,$A58),ТЕХ_Подсказки!$T$2:$T$71,0)),"") -> Хилер | E58: =IFERROR(INDEX(ТЕХ_Подсказки!$M$2:$M$71,MATCH(LARGE(ТЕХ_Подсказки!$T$2:$T$71,$A58),ТЕХ_Подсказки!$T$2:$T$71,0)),"") -> 0 | F58: =IFERROR(INDEX(ТЕХ_Подсказки!$I$2:$I$71,MATCH(LARGE(ТЕХ_Подсказки!$T$2:$T$71,$A58),ТЕХ_Подсказки!$T$2:$T$71,0)),"") -> 76.48 | G58: =IFERROR(INDEX(ТЕХ_Подсказки!$S$2:$S$71,MATCH(LARGE(ТЕХ_Подсказки!$T$2:$T$71,$A58),ТЕХ_Подсказки!$T$2:$T$71,0)),"") -> 131.48 | H58: =IFERROR(INDEX(ТЕХ_Подсказки!$V$2:$V$71,MATCH(LARGE(ТЕХ_Подсказки!$T$2:$T$71,$A58),ТЕХ_Подсказки!$T$2:$T$71,0)),"") -> Критичные и важные эффекты закрыты — выбор по роли и логам: HPS 909, 76/100. | N58: =IFERROR(MATCH(LARGE(ТЕХ_Подсказки!$T$2:$T$71,4),ТЕХ_Подсказки!$T$2:$T$71,0),"") -> 25
N59: =IFERROR(MATCH(LARGE(ТЕХ_Подсказки!$T$2:$T$71,5),ТЕХ_Подсказки!$T$2:$T$71,0),"") -> 8
N60: =IFERROR(MATCH(LARGE(ТЕХ_Подсказки!$T$2:$T$71,6),ТЕХ_Подсказки!$T$2:$T$71,0),"") -> 3
N61: =IFERROR(MATCH(LARGE(ТЕХ_Подсказки!$T$2:$T$71,7),ТЕХ_Подсказки!$T$2:$T$71,0),"") -> 30
N62: =IFERROR(MATCH(LARGE(ТЕХ_Подсказки!$T$2:$T$71,8),ТЕХ_Подсказки!$T$2:$T$71,0),"") -> 34
N63: =IFERROR(MATCH(LARGE(ТЕХ_Подсказки!$T$2:$T$71,9),ТЕХ_Подсказки!$T$2:$T$71,0),"") -> 41
N64: =IFERROR(MATCH(LARGE(ТЕХ_Подсказки!$T$2:$T$71,10),ТЕХ_Подсказки!$T$2:$T$71,0),"") -> 22

Sheet СРАВНЕНИЕ СПЕКОВ
A1: СРАВНЕНИЕ ДВУХ СПЕКОВ ДЛЯ ТЕКУЩЕГО РЕЙДА
A2: Выбери два варианта. Сравнение учитывает уже заполненный состав на листе «РЕЙД-КОНСТРУКТОР» и показывает, какой вариант закроет больше приоритетных пробелов.
A4: ВАРИАНТ A | E4: ВАРИАНТ B
A5: Класс | B5: Felsworn | E5: Класс | F5: Ranger
A6: Специализация | B6: Infernal | E6: Специализация | F6: Brigand
A7: Роль | B7: =IF(OR(B5="",B6=""),"",IFERROR(INDEX(ТЕХ_Списки!$C$2:$C$71,MATCH(B5&"§"&B6,ТЕХ_Списки!$D$2:$D$71,0)),"")) -> Рейндж/кастер | E7: Роль | F7: =IF(OR(F5="",F6=""),"",IFERROR(INDEX(ТЕХ_Списки!$C$2:$C$71,MATCH(F5&"§"&F6,ТЕХ_Списки!$D$2:$D$71,0)),"")) -> Мили-DPS
A8: Новых эффектов | B8: =IF(OR(B5="",B6=""),0,COUNTIFS($C$15:$C$59,0,$D$15:$D$59,"✓")) -> 8 | E8: Новых эффектов | F8: =IF(OR(F5="",F6=""),0,COUNTIFS($C$15:$C$59,0,$E$15:$E$59,"✓")) -> 6
A9: Приоритетный балл | B9: =IF(OR(B5="",B6=""),0,SUMPRODUCT(--($C$15:$C$59=0),--($D$15:$D$59="✓"),$H$15:$H$59)) -> 18 | E9: Приоритетный балл | F9: =IF(OR(F5="",F6=""),0,SUMPRODUCT(--($C$15:$C$59=0),--($E$15:$E$59="✓"),$H$15:$H$59)) -> 10
A10: Всего эффектов | B10: =IF(OR(B5="",B6=""),0,COUNTIF($D$15:$D$59,"✓")) -> 8 | E10: Всего эффектов | F10: =IF(OR(F5="",F6=""),0,COUNTIF($E$15:$E$59,"✓")) -> 6
A12: =IF(OR(B5="",B6="",F5="",F6=""),"Выбери оба варианта",IF(B9>F9,"ЛУЧШЕ ВАРИАНТ A: "&B5&" — "&B6,IF(F9>B9,"ЛУЧШЕ ВАРИАНТ B: "&F5&" — "&F6,IF(B8>F8,"ЛУЧШЕ ВАРИАНТ A: "&B5&" — "&B6,IF(F8>B8,"ЛУЧШЕ ВАРИАНТ B: "&F5&" — "&F6,"РАВНОЦЕННО ДЛЯ ТЕКУЩЕГО РЕЙДА"))))) -> ЛУЧШЕ ВАРИАНТ A: Felsworn — Infernal
A14: Категория | B14: Эффект | C14: В рейде | D14: Вариант A | E14: Вариант B | F14: Разница | G14: Приоритет | H14: Вес
A15: Физические бафы | B15: 10% Stats | C15: ='РЕЙД-КОНСТРУКТОР'!K6 -> 0 | D15: =IF(OR($B$5="",$B$6=""),"—",IF(IFERROR(INDEX(ТЕХ_Списки!$E$2:$E$71,MATCH($B$5&"§"&$B$6,ТЕХ_Списки!$D$2:$D$71,0)),0)=1,"✓","—")) -> — | E15: =IF(OR($F$5="",$F$6=""),"—",IF(IFERROR(INDEX(ТЕХ_Списки!$E$2:$E$71,MATCH($F$5&"§"&$F$6,ТЕХ_Списки!$D$2:$D$71,0)),0)=1,"✓","—")) -> — | F15: =IF(D15=E15,"Одинаково",IF(D15="✓","Только A","Только B")) -> Одинаково | G15: ='РЕЙД-КОНСТРУКТОР'!M6 -> Критично | H15: ='РЕЙД-КОНСТРУКТОР'!N6 -> 3
A16: Физические бафы | B16: Minor Armor and All Stats | C16: ='РЕЙД-КОНСТРУКТОР'!K7 -> 0 | D16: =IF(OR($B$5="",$B$6=""),"—",IF(IFERROR(INDEX(ТЕХ_Списки!$F$2:$F$71,MATCH($B$5&"§"&$B$6,ТЕХ_Списки!$D$2:$D$71,0)),0)=1,"✓","—")) -> ✓ | E16: =IF(OR($F$5="",$F$6=""),"—",IF(IFERROR(INDEX(ТЕХ_Списки!$F$2:$F$71,MATCH($F$5&"§"&$F$6,ТЕХ_Списки!$D$2:$D$71,0)),0)=1,"✓","—")) -> ✓ | F16: =IF(D16=E16,"Одинаково",IF(D16="✓","Только A","Только B")) -> Одинаково | G16: ='РЕЙД-КОНСТРУКТОР'!M7 -> Важно | H16: ='РЕЙД-КОНСТРУКТОР'!N7 -> 2
A17: Физические бафы | B17: Stamina | C17: ='РЕЙД-КОНСТРУКТОР'!K8 -> 0 | D17: =IF(OR($B$5="",$B$6=""),"—",IF(IFERROR(INDEX(ТЕХ_Списки!$G$2:$G$71,MATCH($B$5&"§"&$B$6,ТЕХ_Списки!$D$2:$D$71,0)),0)=1,"✓","—")) -> — | E17: =IF(OR($F$5="",$F$6=""),"—",IF(IFERROR(INDEX(ТЕХ_Списки!$G$2:$G$71,MATCH($F$5&"§"&$F$6,ТЕХ_Списки!$D$2:$D$71,0)),0)=1,"✓","—")) -> — | F17: =IF(D17=E17,"Одинаково",IF(D17="✓","Только A","Только B")) -> Одинаково | G17: ='РЕЙД-КОНСТРУКТОР'!M8 -> Важно | H17: ='РЕЙД-КОНСТРУКТОР'!N8 -> 2
A18: Физические бафы | B18: Strength | C18: ='РЕЙД-КОНСТРУКТОР'!K9 -> 0 | D18: =IF(OR($B$5="",$B$6=""),"—",IF(IFERROR(INDEX(ТЕХ_Списки!$H$2:$H$71,MATCH($B$5&"§"&$B$6,ТЕХ_Списки!$D$2:$D$71,0)),0)=1,"✓","—")) -> — | E18: =IF(OR($F$5="",$F$6=""),"—",IF(IFERROR(INDEX(ТЕХ_Списки!$H$2:$H$71,MATCH($F$5&"§"&$F$6,ТЕХ_Списки!$D$2:$D$71,0)),0)=1,"✓","—")) -> — | F18: =IF(D18=E18,"Одинаково",IF(D18="✓","Только A","Только B")) -> Одинаково | G18: ='РЕЙД-КОНСТРУКТОР'!M9 -> Важно | H18: ='РЕЙД-КОНСТРУКТОР'!N9 -> 2
A19: Физические бафы | B19: Agility | C19: ='РЕЙД-КОНСТРУКТОР'!K10 -> 0 | D19: =IF(OR($B$5="",$B$6=""),"—",IF(IFERROR(INDEX(ТЕХ_Списки!$I$2:$I$71,MATCH($B$5&"§"&$B$6,ТЕХ_Списки!$D$2:$D$71,0)),0)=1,"✓","—")) -> — | E19: =IF(OR($F$5="",$F$6=""),"—",IF(IFERROR(INDEX(ТЕХ_Списки!$I$2:$I$71,MATCH($F$5&"§"&$F$6,ТЕХ_Списки!$D$2:$D$71,0)),0)=1,"✓","—")) -> ✓ | F19: =IF(D19=E19,"Одинаково",IF(D19="✓","Только A","Только B")) -> Только B | G19: ='РЕЙД-КОНСТРУКТОР'!M10 -> Важно | H19: ='РЕЙД-КОНСТРУКТОР'!N10 -> 2
A20: Физические бафы | B20: Attack Power | C20: ='РЕЙД-КОНСТРУКТОР'!K11 -> 0 | D20: =IF(OR($B$5="",$B$6=""),"—",IF(IFERROR(INDEX(ТЕХ_Списки!$J$2:$J$71,MATCH($B$5&"§"&$B$6,ТЕХ_Списки!$D$2:$D$71,0)),0)=1,"✓","—")) -> ✓ | E20: =IF(OR($F$5="",$F$6=""),"—",IF(IFERROR(INDEX(ТЕХ_Списки!$J$2:$J$71,MATCH($F$5&"§"&$F$6,ТЕХ_Списки!$D$2:$D$71,0)),0)=1,"✓","—")) -> — | F20: =IF(D20=E20,"Одинаково",IF(D20="✓","Только A","Только B")) -> Только A | G20: ='РЕЙД-КОНСТРУКТОР'!M11 -> Важно | H20: ='РЕЙД-КОНСТРУКТОР'!N11 -> 2
A21: Физические бафы | B21: 5% Attack Power | C21: ='РЕЙД-КОНСТРУКТОР'!K12 -> 0 | D21: =IF(OR($B$5="",$B$6=""),"—",IF(IFERROR(INDEX(ТЕХ_Списки!$K$2:$K$71,MATCH($B$5&"§"&$B$6,ТЕХ_Списки!$D$2:$D$71,0)),0)=1,"✓","—")) -> — | E21: =IF(OR($F$5="",$F$6=""),"—",IF(IFERROR(INDEX(ТЕХ_Списки!$K$2:$K$71,MATCH($F$5&"§"&$F$6,ТЕХ_Списки!$D$2:$D$71,0)),0)=1,"✓","—")) -> — | F21: =IF(D21=E21,"Одинаково",IF(D21="✓","Только A","Только B")) -> Одинаково | G21: ='РЕЙД-КОНСТРУКТОР'!M12 -> Критично | H21: ='РЕЙД-КОНСТРУКТОР'!N12 -> 3
A22: Физические бафы | B22: 10% Melee & Range Haste | C22: ='РЕЙД-КОНСТРУКТОР'!K13 -> 0 | D22: =IF(OR($B$5="",$B$6=""),"—",IF(IFERROR(INDEX(ТЕХ_Списки!$L$2:$L$71,MATCH($B$5&"§"&$B$6,ТЕХ_Списки!$D$2:$D$71,0)),0)=1,"✓","—")) -> — | E22: =IF(OR($F$5="",$F$6=""),"—",IF(IFERROR(INDEX(ТЕХ_Списки!$L$2:$L$71,MATCH($F$5&"§"&$F$6,ТЕХ_Списки!$D$2:$D$71,0)),0)=1,"✓","—")) -> ✓ | F22: =IF(D22=E22,"Одинаково",IF(D22="✓","Только A","Только B")) -> Только B | G22: ='РЕЙД-КОНСТРУКТОР'!M13 -> Критично | H22: ='РЕЙД-КОНСТРУКТОР'!N13 -> 3
A23: Кастерские бафы | B23: Intellect | C23: ='РЕЙД-КОНСТРУКТОР'!K14 -> 0 | D23: =IF(OR($B$5="",$B$6=""),"—",IF(IFERROR(INDEX(ТЕХ_Списки!$M$2:$M$71,MATCH($B$5&"§"&$B$6,ТЕХ_Списки!$D$2:$D$71,0)),0)=1,"✓","—")) -> — | E23: =IF(OR($F$5="",$F$6=""),"—",IF(IFERROR(INDEX(ТЕХ_Списки!$M$2:$M$71,MATCH($F$5&"§"&$F$6,ТЕХ_Списки!$D$2:$D$71,0)),0)=1,"✓","—")) -> — | F23: =IF(D23=E23,"Одинаково",IF(D23="✓","Только A","Только B")) -> Одинаково | G23: ='РЕЙД-КОНСТРУКТОР'!M14 -> Важно | H23: ='РЕЙД-КОНСТРУКТОР'!N14 -> 2
A24: Кастерские бафы | B24: Spirit | C24: ='РЕЙД-КОНСТРУКТОР'!K15 -> 0 | D24: =IF(OR($B$5="",$B$6=""),"—",IF(IFERROR(INDEX(ТЕХ_Списки!$N$2:$N$71,MATCH($B$5&"§"&$B$6,ТЕХ_Списки!$D$2:$D$71,0)),0)=1,"✓","—")) -> — | E24: =IF(OR($F$5="",$F$6=""),"—",IF(IFERROR(INDEX(ТЕХ_Списки!$N$2:$N$71,MATCH($F$5&"§"&$F$6,ТЕХ_Списки!$D$2:$D$71,0)),0)=1,"✓","—")) -> — | F24: =IF(D24=E24,"Одинаково",IF(D24="✓","Только A","Только B")) -> Одинаково | G24: ='РЕЙД-КОНСТРУКТОР'!M15 -> Важно | H24: ='РЕЙД-КОНСТРУКТОР'!N15 -> 2
A25: Кастерские бафы | B25: Spell Power | C25: ='РЕЙД-КОНСТРУКТОР'!K16 -> 0 | D25: =IF(OR($B$5="",$B$6=""),"—",IF(IFERROR(INDEX(ТЕХ_Списки!$O$2:$O$71,MATCH($B$5&"§"&$B$6,ТЕХ_Списки!$D$2:$D$71,0)),0)=1,"✓","—")) -> — | E25: =IF(OR($F$5="",$F$6=""),"—",IF(IFERROR(INDEX(ТЕХ_Списки!$O$2:$O$71,MATCH($F$5&"§"&$F$6,ТЕХ_Списки!$D$2:$D$71,0)),0)=1,"✓","—")) -> — | F25: =IF(D25=E25,"Одинаково",IF(D25="✓","Только A","Только B")) -> Одинаково | G25: ='РЕЙД-КОНСТРУКТОР'!M16 -> Важно | H25: ='РЕЙД-КОНСТРУКТОР'!N16 -> 2
A26: Кастерские бафы | B26: 3% Spell Haste | C26: ='РЕЙД-КОНСТРУКТОР'!K17 -> 0 | D26: =IF(OR($B$5="",$B$6=""),"—",IF(IFERROR(INDEX(ТЕХ_Списки!$P$2:$P$71,MATCH($B$5&"§"&$B$6,ТЕХ_Списки!$D$2:$D$71,0)),0)=1,"✓","—")) -> — | E26: =IF(OR($F$5="",$F$6=""),"—",IF(IFERROR(INDEX(ТЕХ_Списки!$P$2:$P$71,MATCH($F$5&"§"&$F$6,ТЕХ_Списки!$D$2:$D$71,0)),0)=1,"✓","—")) -> — | F26: =IF(D26=E26,"Одинаково",IF(D26="✓","Только A","Только B")) -> Одинаково | G26: ='РЕЙД-КОНСТРУКТОР'!M17 -> Критично | H26: ='РЕЙД-КОНСТРУКТОР'!N17 -> 3
A27: Кастерские бафы | B27: Mana Regeneration | C27: ='РЕЙД-КОНСТРУКТОР'!K18 -> 0 | D27: =IF(OR($B$5="",$B$6=""),"—",IF(IFERROR(INDEX(ТЕХ_Списки!$Q$2:$Q$71,MATCH($B$5&"§"&$B$6,ТЕХ_Списки!$D$2:$D$71,0)),0)=1,"✓","—")) -> — | E27: =IF(OR($F$5="",$F$6=""),"—",IF(IFERROR(INDEX(ТЕХ_Списки!$Q$2:$Q$71,MATCH($F$5&"§"&$F$6,ТЕХ_Списки!$D$2:$D$71,0)),0)=1,"✓","—")) -> — | F27: =IF(D27=E27,"Одинаково",IF(D27="✓","Только A","Только B")) -> Одинаково | G27: ='РЕЙД-КОНСТРУКТОР'!M18 -> Важно | H27: ='РЕЙД-КОНСТРУКТОР'!N18 -> 2
A28: Кастерские бафы | B28: Replenishment | C28: ='РЕЙД-КОНСТРУКТОР'!K19 -> 0 | D28: =IF(OR($B$5="",$B$6=""),"—",IF(IFERROR(INDEX(ТЕХ_Списки!$R$2:$R$71,MATCH($B$5&"§"&$B$6,ТЕХ_Списки!$D$2:$D$71,0)),0)=1,"✓","—")) -> — | E28: =IF(OR($F$5="",$F$6=""),"—",IF(IFERROR(INDEX(ТЕХ_Списки!$R$2:$R$71,MATCH($F$5&"§"&$F$6,ТЕХ_Списки!$D$2:$D$71,0)),0)=1,"✓","—")) -> — | F28: =IF(D28=E28,"Одинаково",IF(D28="✓","Только A","Только B")) -> Одинаково | G28: ='РЕЙД-КОНСТРУКТОР'!M19 -> Критично | H28: ='РЕЙД-КОНСТРУКТОР'!N19 -> 3
A29: Кастерские бафы | B29: Strong Mana Cooldown | C29: ='РЕЙД-КОНСТРУКТОР'!K20 -> 0 | D29: =IF(OR($B$5="",$B$6=""),"—",IF(IFERROR(INDEX(ТЕХ_Списки!$S$2:$S$71,MATCH($B$5&"§"&$B$6,ТЕХ_Списки!$D$2:$D$71,0)),0)=1,"✓","—")) -> — | E29: =IF(OR($F$5="",$F$6=""),"—",IF(IFERROR(INDEX(ТЕХ_Списки!$S$2:$S$71,MATCH($F$5&"§"&$F$6,ТЕХ_Списки!$D$2:$D$71,0)),0)=1,"✓","—")) -> — | F29: =IF(D29=E29,"Одинаково",IF(D29="✓","Только A","Только B")) -> Одинаково | G29: ='РЕЙД-КОНСТРУКТОР'!M20 -> Опционально | H29: ='РЕЙД-КОНСТРУКТОР'!N20 -> 1
A30: Утилити-бафы | B30: 3% Critical Strike (all) | C30: ='РЕЙД-КОНСТРУКТОР'!K21 -> 0 | D30: =IF(OR($B$5="",$B$6=""),"—",IF(IFERROR(INDEX(ТЕХ_Списки!$T$2:$T$71,MATCH($B$5&"§"&$B$6,ТЕХ_Списки!$D$2:$D$71,0)),0)=1,"✓","—")) -> ✓ | E30: =IF(OR($F$5="",$F$6=""),"—",IF(IFERROR(INDEX(ТЕХ_Списки!$T$2:$T$71,MATCH($F$5&"§"&$F$6,ТЕХ_Списки!$D$2:$D$71,0)),0)=1,"✓","—")) -> — | F30: =IF(D30=E30,"Одинаково",IF(D30="✓","Только A","Только B")) -> Только A | G30: ='РЕЙД-КОНСТРУКТОР'!M21 -> Критично | H30: ='РЕЙД-КОНСТРУКТОР'!N21 -> 3
A31: Утилити-бафы | B31: 3% Damage Done (all) | C31: ='РЕЙД-КОНСТРУКТОР'!K22 -> 0 | D31: =IF(OR($B$5="",$B$6=""),"—",IF(IFERROR(INDEX(ТЕХ_Списки!$U$2:$U$71,MATCH($B$5&"§"&$B$6,ТЕХ_Списки!$D$2:$D$71,0)),0)=1,"✓","—")) -> — | E31: =IF(OR($F$5="",$F$6=""),"—",IF(IFERROR(INDEX(ТЕХ_Списки!$U$2:$U$71,MATCH($F$5&"§"&$F$6,ТЕХ_Списки!$D$2:$D$71,0)),0)=1,"✓","—")) -> — | F31: =IF(D31=E31,"Одинаково",IF(D31="✓","Только A","Только B")) -> Одинаково | G31: ='РЕЙД-КОНСТРУКТОР'!M22 -> Критично | H31: ='РЕЙД-КОНСТРУКТОР'!N22 -> 3
A32: Утилити-бафы | B32: Small Resistances (all) | C32: ='РЕЙД-КОНСТРУКТОР'!K23 -> 0 | D32: =IF(OR($B$5="",$B$6=""),"—",IF(IFERROR(INDEX(ТЕХ_Списки!$V$2:$V$71,MATCH($B$5&"§"&$B$6,ТЕХ_Списки!$D$2:$D$71,0)),0)=1,"✓","—")) -> — | E32: =IF(OR($F$5="",$F$6=""),"—",IF(IFERROR(INDEX(ТЕХ_Списки!$V$2:$V$71,MATCH($F$5&"§"&$F$6,ТЕХ_Списки!$D$2:$D$71,0)),0)=1,"✓","—")) -> — | F32: =IF(D32=E32,"Одинаково",IF(D32="✓","Только A","Только B")) -> Одинаково | G32: ='РЕЙД-КОНСТРУКТОР'!M23 -> Опционально | H32: ='РЕЙД-КОНСТРУКТОР'!N23 -> 1
A33: Утилити-бафы | B33: Fire Resistance | C33: ='РЕЙД-КОНСТРУКТОР'!K24 -> 0 | D33: =IF(OR($B$5="",$B$6=""),"—",IF(IFERROR(INDEX(ТЕХ_Списки!$W$2:$W$71,MATCH($B$5&"§"&$B$6,ТЕХ_Списки!$D$2:$D$71,0)),0)=1,"✓","—")) -> ✓ | E33: =IF(OR($F$5="",$F$6=""),"—",IF(IFERROR(INDEX(ТЕХ_Списки!$W$2:$W$71,MATCH($F$5&"§"&$F$6,ТЕХ_Списки!$D$2:$D$71,0)),0)=1,"✓","—")) -> — | F33: =IF(D33=E33,"Одинаково",IF(D33="✓","Только A","Только B")) -> Только A | G33: ='РЕЙД-КОНСТРУКТОР'!M24 -> Опционально | H33: ='РЕЙД-КОНСТРУКТОР'!N24 -> 1
A34: Утилити-бафы | B34: Frost Resistance | C34: ='РЕЙД-КОНСТРУКТОР'!K25 -> 0 | D34: =IF(OR($B$5="",$B$6=""),"—",IF(IFERROR(INDEX(ТЕХ_Списки!$X$2:$X$71,MATCH($B$5&"§"&$B$6,ТЕХ_Списки!$D$2:$D$71,0)),0)=1,"✓","—")) -> — | E34: =IF(OR($F$5="",$F$6=""),"—",IF(IFERROR(INDEX(ТЕХ_Списки!$X$2:$X$71,MATCH($F$5&"§"&$F$6,ТЕХ_Списки!$D$2:$D$71,0)),0)=1,"✓","—")) -> — | F34: =IF(D34=E34,"Одинаково",IF(D34="✓","Только A","Только B")) -> Одинаково | G34: ='РЕЙД-КОНСТРУКТОР'!M25 -> Опционально | H34: ='РЕЙД-КОНСТРУКТОР'!N25 -> 1
A35: Утилити-бафы | B35: Nature Resistance | C35: ='РЕЙД-КОНСТРУКТОР'!K26 -> 0 | D35: =IF(OR($B$5="",$B$6=""),"—",IF(IFERROR(INDEX(ТЕХ_Списки!$Y$2:$Y$71,MATCH($B$5&"§"&$B$6,ТЕХ_Списки!$D$2:$D$71,0)),0)=1,"✓","—")) -> — | E35: =IF(OR($F$5="",$F$6=""),"—",IF(IFERROR(INDEX(ТЕХ_Списки!$Y$2:$Y$71,MATCH($F$5&"§"&$F$6,ТЕХ_Списки!$D$2:$D$71,0)),0)=1,"✓","—")) -> ✓ | F35: =IF(D35=E35,"Одинаково",IF(D35="✓","Только A","Только B")) -> Только B | G35: ='РЕЙД-КОНСТРУКТОР'!M26 -> Опционально | H35: ='РЕЙД-КОНСТРУКТОР'!N26 -> 1
A36: Утилити-бафы | B36: Shadow Resistance | C36: ='РЕЙД-КОНСТРУКТОР'!K27 -> 0 | D36: =IF(OR($B$5="",$B$6=""),"—",IF(IFERROR(INDEX(ТЕХ_Списки!$Z$2:$Z$71,MATCH($B$5&"§"&$B$6,ТЕХ_Списки!$D$2:$D$71,0)),0)=1,"✓","—")) -> ✓ | E36: =IF(OR($F$5="",$F$6=""),"—",IF(IFERROR(INDEX(ТЕХ_Списки!$Z$2:$Z$71,MATCH($F$5&"§"&$F$6,ТЕХ_Списки!$D$2:$D$71,0)),0)=1,"✓","—")) -> — | F36: =IF(D36=E36,"Одинаково",IF(D36="✓","Только A","Только B")) -> Только A | G36: ='РЕЙД-КОНСТРУКТОР'!M27 -> Опционально | H36: ='РЕЙД-КОНСТРУКТОР'!N27 -> 1
A37: Утилити-бафы | B37: Arcane Resistance | C37: ='РЕЙД-КОНСТРУКТОР'!K28 -> 0 | D37: =IF(OR($B$5="",$B$6=""),"—",IF(IFERROR(INDEX(ТЕХ_Списки!$AA$2:$AA$71,MATCH($B$5&"§"&$B$6,ТЕХ_Списки!$D$2:$D$71,0)),0)=1,"✓","—")) -> — | E37: =IF(OR($F$5="",$F$6=""),"—",IF(IFERROR(INDEX(ТЕХ_Списки!$AA$2:$AA$71,MATCH($F$5&"§"&$F$6,ТЕХ_Списки!$D$2:$D$71,0)),0)=1,"✓","—")) -> — | F37: =IF(D37=E37,"Одинаково",IF(D37="✓","Только A","Только B")) -> Одинаково | G37: ='РЕЙД-КОНСТРУКТОР'!M28 -> Опционально | H37: ='РЕЙД-КОНСТРУКТОР'!N28 -> 1
A38: Утилити-бафы | B38: 5% Resource Reduction | C38: ='РЕЙД-КОНСТРУКТОР'!K29 -> 0 | D38: =IF(OR($B$5="",$B$6=""),"—",IF(IFERROR(INDEX(ТЕХ_Списки!$AB$2:$AB$71,MATCH($B$5&"§"&$B$6,ТЕХ_Списки!$D$2:$D$71,0)),0)=1,"✓","—")) -> — | E38: =IF(OR($F$5="",$F$6=""),"—",IF(IFERROR(INDEX(ТЕХ_Списки!$AB$2:$AB$71,MATCH($F$5&"§"&$F$6,ТЕХ_Списки!$D$2:$D$71,0)),0)=1,"✓","—")) -> — | F38: =IF(D38=E38,"Одинаково",IF(D38="✓","Только A","Только B")) -> Одинаково | G38: ='РЕЙД-КОНСТРУКТОР'!M29 -> Опционально | H38: ='РЕЙД-КОНСТРУКТОР'!N29 -> 1
A39: Утилити-бафы | B39: 3% Damage Reduction (all) | C39: ='РЕЙД-КОНСТРУКТОР'!K30 -> 0 | D39: =IF(OR($B$5="",$B$6=""),"—",IF(IFERROR(INDEX(ТЕХ_Списки!$AC$2:$AC$71,MATCH($B$5&"§"&$B$6,ТЕХ_Списки!$D$2:$D$71,0)),0)=1,"✓","—")) -> — | E39: =IF(OR($F$5="",$F$6=""),"—",IF(IFERROR(INDEX(ТЕХ_Списки!$AC$2:$AC$71,MATCH($F$5&"§"&$F$6,ТЕХ_Списки!$D$2:$D$71,0)),0)=1,"✓","—")) -> — | F39: =IF(D39=E39,"Одинаково",IF(D39="✓","Только A","Только B")) -> Одинаково | G39: ='РЕЙД-КОНСТРУКТОР'!M30 -> Критично | H39: ='РЕЙД-КОНСТРУКТОР'!N30 -> 3
A40: Утилити-бафы | B40: 6% Healing Done | C40: ='РЕЙД-КОНСТРУКТОР'!K31 -> 0 | D40: =IF(OR($B$5="",$B$6=""),"—",IF(IFERROR(INDEX(ТЕХ_Списки!$AD$2:$AD$71,MATCH($B$5&"§"&$B$6,ТЕХ_Списки!$D$2:$D$71,0)),0)=1,"✓","—")) -> — | E40: =IF(OR($F$5="",$F$6=""),"—",IF(IFERROR(INDEX(ТЕХ_Списки!$AD$2:$AD$71,MATCH($F$5&"§"&$F$6,ТЕХ_Списки!$D$2:$D$71,0)),0)=1,"✓","—")) -> — | F40: =IF(D40=E40,"Одинаково",IF(D40="✓","Только A","Только B")) -> Одинаково | G40: ='РЕЙД-КОНСТРУКТОР'!M31 -> Опционально | H40: ='РЕЙД-КОНСТРУКТОР'!N31 -> 1
A41: Утилити-бафы | B41: Concentration | C41: ='РЕЙД-КОНСТРУКТОР'!K32 -> 0 | D41: =IF(OR($B$5="",$B$6=""),"—",IF(IFERROR(INDEX(ТЕХ_Списки!$AE$2:$AE$71,MATCH($B$5&"§"&$B$6,ТЕХ_Списки!$D$2:$D$71,0)),0)=1,"✓","—")) -> — | E41: =IF(OR($F$5="",$F$6=""),"—",IF(IFERROR(INDEX(ТЕХ_Списки!$AE$2:$AE$71,MATCH($F$5&"§"&$F$6,ТЕХ_Списки!$D$2:$D$71,0)),0)=1,"✓","—")) -> — | F41: =IF(D41=E41,"Одинаково",IF(D41="✓","Только A","Только B")) -> Одинаково | G41: ='РЕЙД-КОНСТРУКТОР'!M32 -> Опционально | H41: ='РЕЙД-КОНСТРУКТОР'!N32 -> 1
A42: Утилити-бафы | B42: Amplify Magic | C42: ='РЕЙД-КОНСТРУКТОР'!K33 -> 0 | D42: =IF(OR($B$5="",$B$6=""),"—",IF(IFERROR(INDEX(ТЕХ_Списки!$AF$2:$AF$71,MATCH($B$5&"§"&$B$6,ТЕХ_Списки!$D$2:$D$71,0)),0)=1,"✓","—")) -> — | E42: =IF(OR($F$5="",$F$6=""),"—",IF(IFERROR(INDEX(ТЕХ_Списки!$AF$2:$AF$71,MATCH($F$5&"§"&$F$6,ТЕХ_Списки!$D$2:$D$71,0)),0)=1,"✓","—")) -> — | F42: =IF(D42=E42,"Одинаково",IF(D42="✓","Только A","Только B")) -> Одинаково | G42: ='РЕЙД-КОНСТРУКТОР'!M33 -> Опционально | H42: ='РЕЙД-КОНСТРУКТОР'!N33 -> 1
A43: Утилити-бафы | B43: Dampen Magic | C43: ='РЕЙД-КОНСТРУКТОР'!K34 -> 0 | D43: =IF(OR($B$5="",$B$6=""),"—",IF(IFERROR(INDEX(ТЕХ_Списки!$AG$2:$AG$71,MATCH($B$5&"§"&$B$6,ТЕХ_Списки!$D$2:$D$71,0)),0)=1,"✓","—")) -> — | E43: =IF(OR($F$5="",$F$6=""),"—",IF(IFERROR(INDEX(ТЕХ_Списки!$AG$2:$AG$71,MATCH($F$5&"§"&$F$6,ТЕХ_Списки!$D$2:$D$71,0)),0)=1,"✓","—")) -> — | F43: =IF(D43=E43,"Одинаково",IF(D43="✓","Только A","Только B")) -> Одинаково | G43: ='РЕЙД-КОНСТРУКТОР'!M34 -> Опционально | H43: ='РЕЙД-КОНСТРУКТОР'!N34 -> 1
A44: Утилити-бафы | B44: Armor | C44: ='РЕЙД-КОНСТРУКТОР'!K35 -> 0 | D44: =IF(OR($B$5="",$B$6=""),"—",IF(IFERROR(INDEX(ТЕХ_Списки!$AH$2:$AH$71,MATCH($B$5&"§"&$B$6,ТЕХ_Списки!$D$2:$D$71,0)),0)=1,"✓","—")) -> — | E44: =IF(OR($F$5="",$F$6=""),"—",IF(IFERROR(INDEX(ТЕХ_Списки!$AH$2:$AH$71,MATCH($F$5&"§"&$F$6,ТЕХ_Списки!$D$2:$D$71,0)),0)=1,"✓","—")) -> — | F44: =IF(D44=E44,"Одинаково",IF(D44="✓","Только A","Только B")) -> Одинаково | G44: ='РЕЙД-КОНСТРУКТОР'!M35 -> Критично | H44: ='РЕЙД-КОНСТРУКТОР'!N35 -> 3
A45: Утилити-бафы | B45: Defensive Cooldown (Raid-Wide) | C45: ='РЕЙД-КОНСТРУКТОР'!K36 -> 0 | D45: =IF(OR($B$5="",$B$6=""),"—",IF(IFERROR(INDEX(ТЕХ_Списки!$AI$2:$AI$71,MATCH($B$5&"§"&$B$6,ТЕХ_Списки!$D$2:$D$71,0)),0)=1,"✓","—")) -> — | E45: =IF(OR($F$5="",$F$6=""),"—",IF(IFERROR(INDEX(ТЕХ_Списки!$AI$2:$AI$71,MATCH($F$5&"§"&$F$6,ТЕХ_Списки!$D$2:$D$71,0)),0)=1,"✓","—")) -> — | F45: =IF(D45=E45,"Одинаково",IF(D45="✓","Только A","Только B")) -> Одинаково | G45: ='РЕЙД-КОНСТРУКТОР'!M36 -> Критично | H45: ='РЕЙД-КОНСТРУКТОР'!N36 -> 3
A46: Утилити-бафы | B46: Heroism | Bloodlust | C46: ='РЕЙД-КОНСТРУКТОР'!K37 -> 0 | D46: =IF(OR($B$5="",$B$6=""),"—",IF(IFERROR(INDEX(ТЕХ_Списки!$AJ$2:$AJ$71,MATCH($B$5&"§"&$B$6,ТЕХ_Списки!$D$2:$D$71,0)),0)=1,"✓","—")) -> — | E46: =IF(OR($F$5="",$F$6=""),"—",IF(IFERROR(INDEX(ТЕХ_Списки!$AJ$2:$AJ$71,MATCH($F$5&"§"&$F$6,ТЕХ_Списки!$D$2:$D$71,0)),0)=1,"✓","—")) -> — | F46: =IF(D46=E46,"Одинаково",IF(D46="✓","Только A","Только B")) -> Одинаково | G46: ='РЕЙД-КОНСТРУКТОР'!M37 -> Критично | H46: ='РЕЙД-КОНСТРУКТОР'!N37 -> 3
A47: Физические дебафы | B47: 4% Physical Damage | C47: ='РЕЙД-КОНСТРУКТОР'!K38 -> 0 | D47: =IF(OR($B$5="",$B$6=""),"—",IF(IFERROR(INDEX(ТЕХ_Списки!$AK$2:$AK$71,MATCH($B$5&"§"&$B$6,ТЕХ_Списки!$D$2:$D$71,0)),0)=1,"✓","—")) -> — | E47: =IF(OR($F$5="",$F$6=""),"—",IF(IFERROR(INDEX(ТЕХ_Списки!$AK$2:$AK$71,MATCH($F$5&"§"&$F$6,ТЕХ_Списки!$D$2:$D$71,0)),0)=1,"✓","—")) -> — | F47: =IF(D47=E47,"Одинаково",IF(D47="✓","Только A","Только B")) -> Одинаково | G47: ='РЕЙД-КОНСТРУКТОР'!M38 -> Критично | H47: ='РЕЙД-КОНСТРУКТОР'!N38 -> 3
A48: Физические дебафы | B48: 30% Bleed Damage | C48: ='РЕЙД-КОНСТРУКТОР'!K39 -> 0 | D48: =IF(OR($B$5="",$B$6=""),"—",IF(IFERROR(INDEX(ТЕХ_Списки!$AL$2:$AL$71,MATCH($B$5&"§"&$B$6,ТЕХ_Списки!$D$2:$D$71,0)),0)=1,"✓","—")) -> — | E48: =IF(OR($F$5="",$F$6=""),"—",IF(IFERROR(INDEX(ТЕХ_Списки!$AL$2:$AL$71,MATCH($F$5&"§"&$F$6,ТЕХ_Списки!$D$2:$D$71,0)),0)=1,"✓","—")) -> — | F48: =IF(D48=E48,"Одинаково",IF(D48="✓","Только A","Только B")) -> Одинаково | G48: ='РЕЙД-КОНСТРУКТОР'!M39 -> Опционально | H48: ='РЕЙД-КОНСТРУКТОР'!N39 -> 1
A49: Физические дебафы | B49: Armor Reduction | C49: ='РЕЙД-КОНСТРУКТОР'!K40 -> 0 | D49: =IF(OR($B$5="",$B$6=""),"—",IF(IFERROR(INDEX(ТЕХ_Списки!$AM$2:$AM$71,MATCH($B$5&"§"&$B$6,ТЕХ_Списки!$D$2:$D$71,0)),0)=1,"✓","—")) -> — | E49: =IF(OR($F$5="",$F$6=""),"—",IF(IFERROR(INDEX(ТЕХ_Списки!$AM$2:$AM$71,MATCH($F$5&"§"&$F$6,ТЕХ_Списки!$D$2:$D$71,0)),0)=1,"✓","—")) -> — | F49: =IF(D49=E49,"Одинаково",IF(D49="✓","Только A","Только B")) -> Одинаково | G49: ='РЕЙД-КОНСТРУКТОР'!M40 -> Критично | H49: ='РЕЙД-КОНСТРУКТОР'!N40 -> 3
A50: Магические дебафы | B50: 10% Spell Damage | C50: ='РЕЙД-КОНСТРУКТОР'!K41 -> 0 | D50: =IF(OR($B$5="",$B$6=""),"—",IF(IFERROR(INDEX(ТЕХ_Списки!$AN$2:$AN$71,MATCH($B$5&"§"&$B$6,ТЕХ_Списки!$D$2:$D$71,0)),0)=1,"✓","—")) -> ✓ | E50: =IF(OR($F$5="",$F$6=""),"—",IF(IFERROR(INDEX(ТЕХ_Списки!$AN$2:$AN$71,MATCH($F$5&"§"&$F$6,ТЕХ_Списки!$D$2:$D$71,0)),0)=1,"✓","—")) -> — | F50: =IF(D50=E50,"Одинаково",IF(D50="✓","Только A","Только B")) -> Только A | G50: ='РЕЙД-КОНСТРУКТОР'!M41 -> Критично | H50: ='РЕЙД-КОНСТРУКТОР'!N41 -> 3
A51: Магические дебафы | B51: 3% Spell Critical Strike Chance | C51: ='РЕЙД-КОНСТРУКТОР'!K42 -> 0 | D51: =IF(OR($B$5="",$B$6=""),"—",IF(IFERROR(INDEX(ТЕХ_Списки!$AO$2:$AO$71,MATCH($B$5&"§"&$B$6,ТЕХ_Списки!$D$2:$D$71,0)),0)=1,"✓","—")) -> — | E51: =IF(OR($F$5="",$F$6=""),"—",IF(IFERROR(INDEX(ТЕХ_Списки!$AO$2:$AO$71,MATCH($F$5&"§"&$F$6,ТЕХ_Списки!$D$2:$D$71,0)),0)=1,"✓","—")) -> — | F51: =IF(D51=E51,"Одинаково",IF(D51="✓","Только A","Только B")) -> Одинаково | G51: ='РЕЙД-КОНСТРУКТОР'!M42 -> Критично | H51: ='РЕЙД-КОНСТРУКТОР'!N42 -> 3
A52: Магические дебафы | B52: 3% Spell Hit | C52: ='РЕЙД-КОНСТРУКТОР'!K43 -> 0 | D52: =IF(OR($B$5="",$B$6=""),"—",IF(IFERROR(INDEX(ТЕХ_Списки!$AP$2:$AP$71,MATCH($B$5&"§"&$B$6,ТЕХ_Списки!$D$2:$D$71,0)),0)=1,"✓","—")) -> ✓ | E52: =IF(OR($F$5="",$F$6=""),"—",IF(IFERROR(INDEX(ТЕХ_Списки!$AP$2:$AP$71,MATCH($F$5&"§"&$F$6,ТЕХ_Списки!$D$2:$D$71,0)),0)=1,"✓","—")) -> — | F52: =IF(D52=E52,"Одинаково",IF(D52="✓","Только A","Только B")) -> Только A | G52: ='РЕЙД-КОНСТРУКТОР'!M43 -> Критично | H52: ='РЕЙД-КОНСТРУКТОР'!N43 -> 3
A53: Магические дебафы | B53: Resistance Reduction | C53: ='РЕЙД-КОНСТРУКТОР'!K44 -> 0 | D53: =IF(OR($B$5="",$B$6=""),"—",IF(IFERROR(INDEX(ТЕХ_Списки!$AQ$2:$AQ$71,MATCH($B$5&"§"&$B$6,ТЕХ_Списки!$D$2:$D$71,0)),0)=1,"✓","—")) -> — | E53: =IF(OR($F$5="",$F$6=""),"—",IF(IFERROR(INDEX(ТЕХ_Списки!$AQ$2:$AQ$71,MATCH($F$5&"§"&$F$6,ТЕХ_Списки!$D$2:$D$71,0)),0)=1,"✓","—")) -> — | F53: =IF(D53=E53,"Одинаково",IF(D53="✓","Только A","Только B")) -> Одинаково | G53: ='РЕЙД-КОНСТРУКТОР'!M44 -> Критично | H53: ='РЕЙД-КОНСТРУКТОР'!N44 -> 3
A54: Утилити-дебафы | B54: Attack Power Reduction | C54: ='РЕЙД-КОНСТРУКТОР'!K45 -> 0 | D54: =IF(OR($B$5="",$B$6=""),"—",IF(IFERROR(INDEX(ТЕХ_Списки!$AR$2:$AR$71,MATCH($B$5&"§"&$B$6,ТЕХ_Списки!$D$2:$D$71,0)),0)=1,"✓","—")) -> — | E54: =IF(OR($F$5="",$F$6=""),"—",IF(IFERROR(INDEX(ТЕХ_Списки!$AR$2:$AR$71,MATCH($F$5&"§"&$F$6,ТЕХ_Списки!$D$2:$D$71,0)),0)=1,"✓","—")) -> — | F54: =IF(D54=E54,"Одинаково",IF(D54="✓","Только A","Только B")) -> Одинаково | G54: ='РЕЙД-КОНСТРУКТОР'!M45 -> Критично | H54: ='РЕЙД-КОНСТРУКТОР'!N45 -> 3
A55: Утилити-дебафы | B55: Attack Speed Slow | C55: ='РЕЙД-КОНСТРУКТОР'!K46 -> 0 | D55: =IF(OR($B$5="",$B$6=""),"—",IF(IFERROR(INDEX(ТЕХ_Списки!$AS$2:$AS$71,MATCH($B$5&"§"&$B$6,ТЕХ_Списки!$D$2:$D$71,0)),0)=1,"✓","—")) -> — | E55: =IF(OR($F$5="",$F$6=""),"—",IF(IFERROR(INDEX(ТЕХ_Списки!$AS$2:$AS$71,MATCH($F$5&"§"&$F$6,ТЕХ_Списки!$D$2:$D$71,0)),0)=1,"✓","—")) -> — | F55: =IF(D55=E55,"Одинаково",IF(D55="✓","Только A","Только B")) -> Одинаково | G55: ='РЕЙД-КОНСТРУКТОР'!M46 -> Критично | H55: ='РЕЙД-КОНСТРУКТОР'!N46 -> 3
A56: Утилити-дебафы | B56: 3% Hit Reduction | C56: ='РЕЙД-КОНСТРУКТОР'!K47 -> 0 | D56: =IF(OR($B$5="",$B$6=""),"—",IF(IFERROR(INDEX(ТЕХ_Списки!$AT$2:$AT$71,MATCH($B$5&"§"&$B$6,ТЕХ_Списки!$D$2:$D$71,0)),0)=1,"✓","—")) -> — | E56: =IF(OR($F$5="",$F$6=""),"—",IF(IFERROR(INDEX(ТЕХ_Списки!$AT$2:$AT$71,MATCH($F$5&"§"&$F$6,ТЕХ_Списки!$D$2:$D$71,0)),0)=1,"✓","—")) -> ✓ | F56: =IF(D56=E56,"Одинаково",IF(D56="✓","Только A","Только B")) -> Только B | G56: ='РЕЙД-КОНСТРУКТОР'!M47 -> Опционально | H56: ='РЕЙД-КОНСТРУКТОР'!N47 -> 1
A57: Утилити-дебафы | B57: Healing Reduction | C57: ='РЕЙД-КОНСТРУКТОР'!K48 -> 0 | D57: =IF(OR($B$5="",$B$6=""),"—",IF(IFERROR(INDEX(ТЕХ_Списки!$AU$2:$AU$71,MATCH($B$5&"§"&$B$6,ТЕХ_Списки!$D$2:$D$71,0)),0)=1,"✓","—")) -> — | E57: =IF(OR($F$5="",$F$6=""),"—",IF(IFERROR(INDEX(ТЕХ_Списки!$AU$2:$AU$71,MATCH($F$5&"§"&$F$6,ТЕХ_Списки!$D$2:$D$71,0)),0)=1,"✓","—")) -> ✓ | F57: =IF(D57=E57,"Одинаково",IF(D57="✓","Только A","Только B")) -> Только B | G57: ='РЕЙД-КОНСТРУКТОР'!M48 -> Опционально | H57: ='РЕЙД-КОНСТРУКТОР'!N48 -> 1
A58: Утилити-дебафы | B58: Cast Speed Slow | C58: ='РЕЙД-КОНСТРУКТОР'!K49 -> 0 | D58: =IF(OR($B$5="",$B$6=""),"—",IF(IFERROR(INDEX(ТЕХ_Списки!$AV$2:$AV$71,MATCH($B$5&"§"&$B$6,ТЕХ_Списки!$D$2:$D$71,0)),0)=1,"✓","—")) -> — | E58: =IF(OR($F$5="",$F$6=""),"—",IF(IFERROR(INDEX(ТЕХ_Списки!$AV$2:$AV$71,MATCH($F$5&"§"&$F$6,ТЕХ_Списки!$D$2:$D$71,0)),0)=1,"✓","—")) -> — | F58: =IF(D58=E58,"Одинаково",IF(D58="✓","Только A","Только B")) -> Одинаково | G58: ='РЕЙД-КОНСТРУКТОР'!M49 -> Опционально | H58: ='РЕЙД-КОНСТРУКТОР'!N49 -> 1
A59: Утилити-дебафы | B59: Damage Done Reduction (5%) | C59: ='РЕЙД-КОНСТРУКТОР'!K50 -> 0 | D59: =IF(OR($B$5="",$B$6=""),"—",IF(IFERROR(INDEX(ТЕХ_Списки!$AW$2:$AW$71,MATCH($B$5&"§"&$B$6,ТЕХ_Списки!$D$2:$D$71,0)),0)=1,"✓","—")) -> ✓ | E59: =IF(OR($F$5="",$F$6=""),"—",IF(IFERROR(INDEX(ТЕХ_Списки!$AW$2:$AW$71,MATCH($F$5&"§"&$F$6,ТЕХ_Списки!$D$2:$D$71,0)),0)=1,"✓","—")) -> — | F59: =IF(D59=E59,"Одинаково",IF(D59="✓","Только A","Только B")) -> Только A | G59: ='РЕЙД-КОНСТРУКТОР'!M50 -> Критично | H59: ='РЕЙД-КОНСТРУКТОР'!N50 -> 3
A61: A закрывает: | B61: =IF(B8=0,"Ничего нового",_xludf.TEXTJOIN(", ",TRUE,IF(AND($C$15=0,$D$15="✓"),$B$15,""),IF(AND($C$16=0,$D$16="✓"),$B$16,""),IF(AND($C$17=0,$D$17="✓"),$B$17,""),IF(AND($C$18=0,$D$18="✓"),$B$18,""),IF(AND($C$19=0,$D$19="✓"),$B$19,""),IF(AND($C$20=0,$D$20="✓"),$B$20,""),IF(AND($C$21=0,$D$21="✓"),$B$21,""),IF(AND($C$22=0,$D$22="✓"),$B$22,""),IF(AND($C$23=0,$D$23="✓"),$B$23,""),IF(AND($C$24=0,$D$24="✓"),$B$24,""),IF(AND($C$25=0,$D$25="✓"),$B$25,""),IF(AND($C$26=0,$D$26="✓"),$B$26,""),IF(AND($C$27=0,$D$27="✓"),$B$27,""),IF(AND($C$28=0,$D$28="✓"),$B$28,""),IF(AND($C$29=0,$D$29="✓"),$B$29,""),IF(AND($C$30=0,$D$30="✓"),$B$30,""),IF(AND($C$31=0,$D$31="✓"),$B$31,""),IF(AND($C$32=0,$D$32="✓"),$B$32,""),IF(AND($C$33=0,$D$33="✓"),$B$33,""),IF(AND($C$34=0,$D$34="✓"),$B$34,""),IF(AND($C$35=0,$D$35="✓"),$B$35,""),IF(AND($C$36=0,$D$36="✓"),$B$36,""),IF(AND($C$37=0,$D$37="✓"),$B$37,""),IF(AND($C$38=0,$D$38="✓"),$B$38,""),IF(AND($C$39=0,$D$39="✓"),$B$39,""),IF(AND($C$40=0,$D$40="✓"),$B$40,""),IF(AND($C$41=0,$D$41="✓"),$B$41,""),IF(AND($C$42=0,$D$42="✓"),$B$42,""),IF(AND($C$43=0,$D$43="✓"),$B$43,""),IF(AND($C$44=0,$D$44="✓"),$B$44,""),IF(AND($C$45=0,$D$45="✓"),$B$45,""),IF(AND($C$46=0,$D$46="✓"),$B$46,""),IF(AND($C$47=0,$D$47="✓"),$B$47,""),IF(AND($C$48=0,$D$48="✓"),$B$48,""),IF(AND($C$49=0,$D$49="✓"),$B$49,""),IF(AND($C$50=0,$D$50="✓"),$B$50,""),IF(AND($C$51=0,$D$51="✓"),$B$51,""),IF(AND($C$52=0,$D$52="✓"),$B$52,""),IF(AND($C$53=0,$D$53="✓"),$B$53,""),IF(AND($C$54=0,$D$54="✓"),$B$54,""),IF(AND($C$55=0,$D$55="✓"),$B$55,""),IF(AND($C$56=0,$D$56="✓"),$B$56,""),IF(AND($C$57=0,$D$57="✓"),$B$57,""),IF(AND($C$58=0,$D$58="✓"),$B$58,""),IF(AND($C$59=0,$D$59="✓"),$B$59,""))) -> #NAME?
A62: B закрывает: | B62: =IF(F8=0,"Ничего нового",_xludf.TEXTJOIN(", ",TRUE,IF(AND($C$15=0,$E$15="✓"),$B$15,""),IF(AND($C$16=0,$E$16="✓"),$B$16,""),IF(AND($C$17=0,$E$17="✓"),$B$17,""),IF(AND($C$18=0,$E$18="✓"),$B$18,""),IF(AND($C$19=0,$E$19="✓"),$B$19,""),IF(AND($C$20=0,$E$20="✓"),$B$20,""),IF(AND($C$21=0,$E$21="✓"),$B$21,""),IF(AND($C$22=0,$E$22="✓"),$B$22,""),IF(AND($C$23=0,$E$23="✓"),$B$23,""),IF(AND($C$24=0,$E$24="✓"),$B$24,""),IF(AND($C$25=0,$E$25="✓"),$B$25,""),IF(AND($C$26=0,$E$26="✓"),$B$26,""),IF(AND($C$27=0,$E$27="✓"),$B$27,""),IF(AND($C$28=0,$E$28="✓"),$B$28,""),IF(AND($C$29=0,$E$29="✓"),$B$29,""),IF(AND($C$30=0,$E$30="✓"),$B$30,""),IF(AND($C$31=0,$E$31="✓"),$B$31,""),IF(AND($C$32=0,$E$32="✓"),$B$32,""),IF(AND($C$33=0,$E$33="✓"),$B$33,""),IF(AND($C$34=0,$E$34="✓"),$B$34,""),IF(AND($C$35=0,$E$35="✓"),$B$35,""),IF(AND($C$36=0,$E$36="✓"),$B$36,""),IF(AND($C$37=0,$E$37="✓"),$B$37,""),IF(AND($C$38=0,$E$38="✓"),$B$38,""),IF(AND($C$39=0,$E$39="✓"),$B$39,""),IF(AND($C$40=0,$E$40="✓"),$B$40,""),IF(AND($C$41=0,$E$41="✓"),$B$41,""),IF(AND($C$42=0,$E$42="✓"),$B$42,""),IF(AND($C$43=0,$E$43="✓"),$B$43,""),IF(AND($C$44=0,$E$44="✓"),$B$44,""),IF(AND($C$45=0,$E$45="✓"),$B$45,""),IF(AND($C$46=0,$E$46="✓"),$B$46,""),IF(AND($C$47=0,$E$47="✓"),$B$47,""),IF(AND($C$48=0,$E$48="✓"),$B$48,""),IF(AND($C$49=0,$E$49="✓"),$B$49,""),IF(AND($C$50=0,$E$50="✓"),$B$50,""),IF(AND($C$51=0,$E$51="✓"),$B$51,""),IF(AND($C$52=0,$E$52="✓"),$B$52,""),IF(AND($C$53=0,$E$53="✓"),$B$53,""),IF(AND($C$54=0,$E$54="✓"),$B$54,""),IF(AND($C$55=0,$E$55="✓"),$B$55,""),IF(AND($C$56=0,$E$56="✓"),$B$56,""),IF(AND($C$57=0,$E$57="✓"),$B$57,""),IF(AND($C$58=0,$E$58="✓"),$B$58,""),IF(AND($C$59=0,$E$59="✓"),$B$59,""))) -> #NAME?

Sheet КАТАЛОГ СПЕКОВ
A1: КАТАЛОГ СПЕЦИАЛИЗАЦИЙ — ФИЛЬТРЫ И ПОЛЬЗА ДЛЯ ТЕКУЩЕГО РЕЙДА
A2: Фильтруй по классу и роли. Колонки «Новых эффектов», «Балл» и «Что закроет» пересчитываются относительно состава на листе «РЕЙД-КОНСТРУКТОР».
A3: Класс | B3: Специализация | C3: Роль | D3: Всего эффектов | E3: Физические бафы | F3: Кастерские бафы | G3: Утилити-бафы | H3: Физические дебафы | I3: Магические дебафы | J3: Утилити-дебафы | K3: Итоговые бафы | L3: Итоговые дебафы | M3: Новых эффектов | N3: Балл | O3: Что закроет | P3: Источник
A4: Barbarian | B4: Ancestry | C4: Саппорт | D4: 7 | E4: 3 | F4: 0 | G4: 3 | H4: 0 | I4: 1 | J4: 0 | K4: Strength; Agility; Attack Power; Concentration; Armor; Heroism | Bloodlust | L4: Resistance Reduction | M4: =ТЕХ_Расчет!F50 -> 7 | N4: =ТЕХ_Расчет!G50 -> 16 | O4: =ТЕХ_Расчет!K50 -> #NAME? | P4: https://coa-raid-comp.ascension.gg/
A5: Barbarian | B5: Brutality | C5: Мили-DPS | D5: 8 | E5: 4 | F5: 0 | G5: 1 | H5: 3 | I5: 0 | J5: 0 | K5: Strength; Agility; Attack Power; Concentration; 5% Attack Power | L5: 4% Physical Damage; 30% Bleed Damage; Armor Reduction | M5: =ТЕХ_Расчет!F51 -> 8 | N5: =ТЕХ_Расчет!G51 -> 17 | O5: =ТЕХ_Расчет!K51 -> #NAME? | P5: https://coa-raid-comp.ascension.gg/
A6: Barbarian | B6: Headhunting | C6: Рейндж/кастер | D6: 8 | E6: 4 | F6: 0 | G6: 2 | H6: 1 | I6: 0 | J6: 1 | K6: Strength; Agility; Attack Power; Concentration; 3% Critical Strike (all); 5% Attack Power | L6: 30% Bleed Damage; Healing Reduction | M6: =ТЕХ_Расчет!F52 -> 8 | N6: =ТЕХ_Расчет!G52 -> 15 | O6: =ТЕХ_Расчет!K52 -> #NAME? | P6: https://coa-raid-comp.ascension.gg/
A7: Witch Doctor | B7: Shadowhunting | C7: Рейндж/кастер | D7: 10 | E7: 2 | F7: 4 | G7: 2 | H7: 0 | I7: 1 | J7: 1 | K7: Small Resistances (all); Intellect; Spirit; Mana Regeneration; 5% Resource Reduction; 10% Melee & Range Haste; 3% Spell Haste; 5% Attack Power | L7: Cast Speed Slow; Resistance Reduction | M7: =ТЕХ_Расчет!F53 -> 10 | N7: =ТЕХ_Расчет!G53 -> 21 | O7: =ТЕХ_Расчет!K53 -> #NAME? | P7: https://coa-raid-comp.ascension.gg/
A8: Witch Doctor | B8: Voodoo | C8: Рейндж/кастер | D8: 10 | E8: 0 | F8: 4 | G8: 3 | H8: 0 | I8: 1 | J8: 2 | K8: Small Resistances (all); Intellect; Spirit; Mana Regeneration; 5% Resource Reduction; 3% Spell Haste; 3% Damage Done (all) | L8: Cast Speed Slow; Attack Speed Slow; Resistance Reduction | M8: =ТЕХ_Расчет!F54 -> 10 | N8: =ТЕХ_Расчет!G54 -> 21 | O8: =ТЕХ_Расчет!K54 -> #NAME? | P8: https://coa-raid-comp.ascension.gg/
A9: Witch Doctor | B9: Brewing | C9: Хилер | D9: 10 | E9: 0 | F9: 5 | G9: 2 | H9: 0 | I9: 1 | J9: 2 | K9: Small Resistances (all); Intellect; Spirit; Mana Regeneration; 5% Resource Reduction; 3% Spell Haste; Replenishment | L9: Cast Speed Slow; Attack Power Reduction; Resistance Reduction | M9: =ТЕХ_Расчет!F55 -> 10 | N9: =ТЕХ_Расчет!G55 -> 21 | O9: =ТЕХ_Расчет!K55 -> #NAME? | P9: https://coa-raid-comp.ascension.gg/
A10: Felsworn | B10: Infernal | C10: Рейндж/кастер | D10: 8 | E10: 2 | F10: 0 | G10: 3 | H10: 0 | I10: 2 | J10: 1 | K10: Minor Armor and All Stats; Attack Power; Fire Resistance; Shadow Resistance; 3% Critical Strike (all) | L10: Damage Done Reduction (5%); 3% Spell Hit; 10% Spell Damage | M10: =ТЕХ_Расчет!F56 -> 8 | N10: =ТЕХ_Расчет!G56 -> 18 | O10: =ТЕХ_Расчет!K56 -> #NAME? | P10: https://coa-raid-comp.ascension.gg/
A11: Felsworn | B11: Tyrant | C11: Танк | D11: 11 | E11: 3 | F11: 0 | G11: 4 | H11: 1 | I11: 0 | J11: 3 | K11: Minor Armor and All Stats; Attack Power; Fire Resistance; Shadow Resistance; 10% Melee & Range Haste; 3% Damage Done (all); Defensive Cooldown (Raid-Wide) | L11: 4% Physical Damage; Attack Power Reduction; Attack Speed Slow; Damage Done Reduction (5%) | M11: =ТЕХ_Расчет!F57 -> 11 | N11: =ТЕХ_Расчет!G57 -> 27 | O11: =ТЕХ_Расчет!K57 -> #NAME? | P11: https://coa-raid-comp.ascension.gg/
A12: Felsworn | B12: Slaying | C12: Мили-DPS | D12: 10 | E12: 3 | F12: 0 | G12: 3 | H12: 1 | I12: 0 | J12: 3 | K12: Minor Armor and All Stats; Attack Power; Fire Resistance; Shadow Resistance; 10% Melee & Range Haste; Armor | L12: Healing Reduction; Cast Speed Slow; Armor Reduction; Damage Done Reduction (5%) | M12: =ТЕХ_Расчет!F58 -> 10 | N12: =ТЕХ_Расчет!G58 -> 20 | O12: =ТЕХ_Расчет!K58 -> #NAME? | P12: https://coa-raid-comp.ascension.gg/
A13: Witch Hunter | B13: Inquisition | C13: Мили-DPS | D13: 7 | E13: 3 | F13: 1 | G13: 1 | H13: 0 | I13: 0 | J13: 2 | K13: Minor Armor and All Stats; Attack Power; Mana Regeneration; Shadow Resistance; 10% Melee & Range Haste | L13: Cast Speed Slow; Damage Done Reduction (5%) | M13: =ТЕХ_Расчет!F59 -> 7 | N13: =ТЕХ_Расчет!G59 -> 14 | O13: =ТЕХ_Расчет!K59 -> #NAME? | P13: https://coa-raid-comp.ascension.gg/
A14: Witch Hunter | B14: Houndmaster | C14: Рейндж/кастер | D14: 7 | E14: 3 | F14: 2 | G14: 1 | H14: 0 | I14: 0 | J14: 1 | K14: Minor Armor and All Stats; Attack Power; Mana Regeneration; Shadow Resistance; 3% Spell Haste; 5% Attack Power | L14: Cast Speed Slow | M14: =ТЕХ_Расчет!F60 -> 7 | N14: =ТЕХ_Расчет!G60 -> 14 | O14: =ТЕХ_Расчет!K60 -> #NAME? | P14: https://coa-raid-comp.ascension.gg/
A15: Witch Hunter | B15: Black Knight | C15: Танк | D15: 8 | E15: 2 | F15: 2 | G15: 2 | H15: 0 | I15: 0 | J15: 2 | K15: Minor Armor and All Stats; Attack Power; Mana Regeneration; Shadow Resistance; Replenishment; Defensive Cooldown (Raid-Wide) | L15: Cast Speed Slow; Attack Speed Slow | M15: =ТЕХ_Расчет!F61 -> 8 | N15: =ТЕХ_Расчет!G61 -> 17 | O15: =ТЕХ_Расчет!K61 -> #NAME? | P15: https://coa-raid-comp.ascension.gg/
... A73: Tinker | B73: Invention | C73: Хилер | D73: 8 | E73: 1 | F73: 3 | G73: 4 | H73: 0 | I73: 0 | J73: 0 | K73: Attack Power; Mana Regeneration; Strong Mana Cooldown; Concentration; Amplify Magic; 3% Spell Haste; 3% Damage Reduction (all); 6% Healing Done | L73: — | M73: =ТЕХ_Расчет!F119 -> 8 | N73: =ТЕХ_Расчет!G119 -> 14 | O73: =ТЕХ_Расчет!K119 -> #NAME? | P73: https://coa-raid-comp.ascension.gg/

Sheet СПРАВОЧНИК ЭФФЕКТОВ
A1: СПРАВОЧНИК ЭФФЕКТОВ И ТЕКУЩЕЕ ПОКРЫТИЕ
A2: Покрытие рассчитывается по текущему составу на первой странице. Приоритет меняется в жёлтом столбце C. Здесь же находятся полный список источников и редкость каждого эффекта.
A3: Категория | B3: Эффект | C3: Приоритет | D3: В рейде | E3: Статус | F3: Спеков-источников | G3: Классов-источников | H3: Роли | I3: Все источники | J3: Ключ базы | K3: Источник | L3: Коротко: кто закрывает | M3: Вес
A4: Физические бафы | B4: 10% Stats | C4: Критично | D4: ='РЕЙД-КОНСТРУКТОР'!K6 -> 0 | E4: =IF(D4=0,"НЕ ХВАТАЕТ",IF(D4=1,"ЕСТЬ","ЕСТЬ ЗАПАС")) -> НЕ ХВАТАЕТ | F4: 14 | G4: 4 | H4: Мили-DPS, Рейндж/кастер, Танк, Хилер | I4: Cultist — Heretic; Cultist — Dreadnought; Cultist — Corruption; Cultist — Godblade; Sun Cleric — Blessings; Sun Cleric — Valkyrie; Sun Cleric — Piety; Sun Cleric — Seraphim; Templar — Zealot; Templar — Crusader; Templar — Oathkeeper; Runemaster — Glyphic; Runemaster — Riftblade; Runemaster — Engravement | J4: Stats % (Kings) | K4: https://coa-raid-comp.ascension.gg/ | L4: Cultist — любой спек; Runemaster — любой спек; Sun Cleric — любой спек; Templar — любой спек | M4: =IF(C4="Критично",3,IF(C4="Важно",2,IF(C4="Опционально",1,0))) -> 3
A5: Физические бафы | B5: Minor Armor and All Stats | C5: Важно | D5: ='РЕЙД-КОНСТРУКТОР'!K7 -> 0 | E5: =IF(D5=0,"НЕ ХВАТАЕТ",IF(D5=1,"ЕСТЬ","ЕСТЬ ЗАПАС")) -> НЕ ХВАТАЕТ | F5: 18 | G5: 5 | H5: Мили-DPS, Рейндж/кастер, Саппорт, Танк, Хилер | I5: Felsworn — Infernal; Felsworn — Tyrant; Felsworn — Slaying; Witch Hunter — Inquisition; Witch Hunter — Houndmaster; Witch Hunter — Black Knight; Witch Hunter — Boltslinger; Primalist — Wildwalker; Primalist — Mountain King; Primalist — Geomancy; Primalist — Grovekeeper; Ranger — Brigand; Ranger — Archery; Ranger — Farstrider; Venomancer — Stalking; Venomancer — Vizier; Venomancer — Fortitude; Venomancer — Rot | J5: Stats Flat + Armor (MotW) | K5: https://coa-raid-comp.ascension.gg/ | L5: Felsworn — любой спек; Primalist — любой спек; Ranger — любой спек; Venomancer — любой спек; + ещё 1 классов | M5: =IF(C5="Критично",3,IF(C5="Важно",2,IF(C5="Опционально",1,0))) -> 2
A6: Физические бафы | B6: Stamina | C6: Важно | D6: ='РЕЙД-КОНСТРУКТОР'!K8 -> 0 | E6: =IF(D6=0,"НЕ ХВАТАЕТ",IF(D6=1,"ЕСТЬ","ЕСТЬ ЗАПАС")) -> НЕ ХВАТАЕТ | F6: 13 | G6: 4 | H6: Мили-DPS, Рейндж/кастер, Саппорт, Танк | I6: Knight of Xoroth — Hellfire; Knight of Xoroth — War; Knight of Xoroth — Defiance; Bloodmage — Sanguine; Bloodmage — Fleshweaver; Bloodmage — Accursed; Bloodmage — Eternal; Reaper — Soul; Reaper — Harvest; Reaper — Domination; Necromancer — Animation; Necromancer — Death; Necromancer — Rime | J6: Stamina (Fort) | K6: https://coa-raid-comp.ascension.gg/ | L6: Bloodmage — любой спек; Knight of Xoroth — любой спек; Necromancer — любой спек; Reaper — любой спек | M6: =IF(C6="Критично",3,IF(C6="Важно",2,IF(C6="Опционально",1,0))) -> 2
A7: Физические бафы | B7: Strength | C7: Важно | D7: ='РЕЙД-КОНСТРУКТОР'!K9 -> 0 | E7: =IF(D7=0,"НЕ ХВАТАЕТ",IF(D7=1,"ЕСТЬ","ЕСТЬ ЗАПАС")) -> НЕ ХВАТАЕТ | F7: 12 | G7: 4 | H7: Мили-DPS, Рейндж/кастер, Саппорт, Танк | I7: Barbarian — Ancestry; Barbarian — Brutality; Barbarian — Headhunting; Knight of Xoroth — Hellfire; Knight of Xoroth — War; Knight of Xoroth — Defiance; Guardian — Vanguard; Guardian — Gladiator; Guardian — Inspiration; Reaper — Soul; Reaper — Harvest; Reaper — Domination | J7: Flat Strength | K7: https://coa-raid-comp.ascension.gg/ | L7: Barbarian — любой спек; Guardian — любой спек; Knight of Xoroth — любой спек; Reaper — любой спек | M7: =IF(C7="Критично",3,IF(C7="Важно",2,IF(C7="Опционально",1,0))) -> 2
A8: Физические бафы | B8: Agility | C8: Важно | D8: ='РЕЙД-КОНСТРУКТОР'!K10 -> 0 | E8: =IF(D8=0,"НЕ ХВАТАЕТ",IF(D8=1,"ЕСТЬ","ЕСТЬ ЗАПАС")) -> НЕ ХВАТАЕТ | F8: 20 | G8: 6 | H8: Мили-DPS, Рейндж/кастер, Саппорт, Танк, Хилер | I8: Barbarian — Ancestry; Barbarian — Brutality; Barbarian — Headhunting; Templar — Zealot; Templar — Crusader; Templar — Oathkeeper; Primalist — Wildwalker; Primalist — Mountain King; Primalist — Geomancy; Primalist — Grovekeeper; Ranger — Brigand; Ranger — Archery; Ranger — Farstrider; Runemaster — Glyphic; Runemaster — Riftblade; Runemaster — Engravement; Venomancer — Stalking; Venomancer — Vizier; Venomancer — Fortitude; Venomancer — Rot | J8: Flat Agility | K8: https://coa-raid-comp.ascension.gg/ | L8: Barbarian — любой спек; Primalist — любой спек; Ranger — любой спек; Runemaster — любой спек; + ещё 2 классов | M8: =IF(C8="Критично",3,IF(C8="Важно",2,IF(C8="Опционально",1,0))) -> 2
A9: Физические бафы | B9: Attack Power | C9: Важно | D9: ='РЕЙД-КОНСТРУКТОР'!K11 -> 0 | E9: =IF(D9=0,"НЕ ХВАТАЕТ",IF(D9=1,"ЕСТЬ","ЕСТЬ ЗАПАС")) -> НЕ ХВАТАЕТ | F9: 17 | G9: 5 | H9: Мили-DPS, Рейндж/кастер, Саппорт, Танк, Хилер | I9: Barbarian — Ancestry; Barbarian — Brutality; Barbarian — Headhunting; Felsworn — Infernal; Felsworn — Tyrant; Felsworn — Slaying; Witch Hunter — Inquisition; Witch Hunter — Houndmaster; Witch Hunter — Black Knight; Witch Hunter — Boltslinger; Sun Cleric — Blessings; Sun Cleric — Valkyrie; Sun Cleric — Piety; Sun Cleric — Seraphim; Tinker — Demolition; Tinker — Mechanics; Tinker — Invention | J9: AP Flat (Shout) | K9: https://coa-raid-comp.ascension.gg/ | L9: Barbarian — любой спек; Felsworn — любой спек; Sun Cleric — любой спек; Tinker — любой спек; + ещё 1 классов | M9: =IF(C9="Критично",3,IF(C9="Важно",2,IF(C9="Опционально",1,0))) -> 2
A10: Физические бафы | B10: 5% Attack Power | C10: Критично | D10: ='РЕЙД-КОНСТРУКТОР'!K12 -> 0 | E10: =IF(D10=0,"НЕ ХВАТАЕТ",IF(D10=1,"ЕСТЬ","ЕСТЬ ЗАПАС")) -> НЕ ХВАТАЕТ | F10: 10 | G10: 9 | H10: Мили-DPS, Рейндж/кастер, Танк | I10: Barbarian — Brutality; Barbarian — Headhunting; Witch Doctor — Shadowhunting; Witch Hunter — Houndmaster; Knight of Xoroth — Hellfire; Guardian — Gladiator; Templar — Oathkeeper; Primalist — Wildwalker; Bloodmage — Eternal; Tinker — Demolition | J10: Attack Power % | K10: https://coa-raid-comp.ascension.gg/ | L10: Bloodmage — Eternal; Guardian — Gladiator; Knight of Xoroth — Hellfire; Primalist — Wildwalker; + ещё 5 классов | M10: =IF(C10="Критично",3,IF(C10="Важно",2,IF(C10="Опционально",1,0))) -> 3
A11: Физические бафы | B11: 10% Melee & Range Haste | C11: Критично | D11: ='РЕЙД-КОНСТРУКТОР'!K13 -> 0 | E11: =IF(D11=0,"НЕ ХВАТАЕТ",IF(D11=1,"ЕСТЬ","ЕСТЬ ЗАПАС")) -> НЕ ХВАТАЕТ | F11: 11 | G11: 8 | H11: Мили-DPS, Рейндж/кастер, Саппорт, Танк | I11: Witch Doctor — Shadowhunting; Felsworn — Tyrant; Felsworn — Slaying; Witch Hunter — Inquisition; Starcaller — Sentinel; Templar — Zealot; Ranger — Brigand; Ranger — Archery; Ranger — Farstrider; Runemaster — Engravement; Tinker — Mechanics | J11: Melee/Range Haste (10%) | K11: https://coa-raid-comp.ascension.gg/ | L11: Ranger — любой спек; Runemaster — Engravement; Starcaller — Sentinel; Templar — Zealot; + ещё 4 классов | M11: =IF(C11="Критично",3,IF(C11="Важно",2,IF(C11="Опционально",1,0))) -> 3
A12: Кастерские бафы | B12: Intellect | C12: Важно | D12: ='РЕЙД-КОНСТРУКТОР'!K14 -> 0 | E12: =IF(D12=0,"НЕ ХВАТАЕТ",IF(D12=1,"ЕСТЬ","ЕСТЬ ЗАПАС")) -> НЕ ХВАТАЕТ | F12: 23 | G12: 7 | H12: Мили-DPS, Рейндж/кастер, Саппорт, Танк, Хилер | I12: Witch Doctor — Shadowhunting; Witch Doctor — Voodoo; Witch Doctor — Brewing; Stormbringer — Maelstrom; Stormbringer — Lightning; Stormbringer — Wind; Cultist — Heretic; Cultist — Dreadnought; Cultist — Corruption; Cultist — Godblade; Knight of Xoroth — Hellfire; Knight of Xoroth — War; Knight of Xoroth — Defiance; Starcaller — Moon Priest; Starcaller — Warden; Starcaller — Sentinel; Starcaller — Moon Guard; Pyromancer — Flameweaving; Pyromancer — Draconic; Pyromancer — Incineration; Chronomancer — Time; Chronomancer — Infinite; Chronomancer — Artificer | J12: Flat Intellect | K12: https://coa-raid-comp.ascension.gg/ | L12: Chronomancer — любой спек; Cultist — любой спек; Knight of Xoroth — любой спек; Pyromancer — любой спек; + ещё 3 классов | M12: =IF(C12="Критично",3,IF(C12="Важно",2,IF(C12="Опционально",1,0))) -> 2
A13: Кастерские бафы | B13: Spirit | C13: Важно | D13: ='РЕЙД-КОНСТРУКТОР'!K15 -> 0 | E13: =IF(D13=0,"НЕ ХВАТАЕТ",IF(D13=1,"ЕСТЬ","ЕСТЬ ЗАПАС")) -> НЕ ХВАТАЕТ | F13: 21 | G13: 6 | H13: Мили-DPS, Рейндж/кастер, Саппорт, Танк, Хилер | I13: Witch Doctor — Shadowhunting; Witch Doctor — Voodoo; Witch Doctor — Brewing; Cultist — Heretic; Cultist — Dreadnought; Cultist — Corruption; Cultist — Godblade; Primalist — Wildwalker; Primalist — Mountain King; Primalist — Geomancy; Primalist — Grovekeeper; Pyromancer — Flameweaving; Pyromancer — Draconic; Pyromancer — Incineration; Chronomancer — Time; Chronomancer — Infinite; Chronomancer — Artificer; Venomancer — Stalking; Venomancer — Vizier; Venomancer — Fortitude; Venomancer — Rot | J13: Flat Spirit | K13: https://coa-raid-comp.ascension.gg/ | L13: Chronomancer — любой спек; Cultist — любой спек; Primalist — любой спек; Pyromancer — любой спек; + ещё 2 классов | M13: =IF(C13="Критично",3,IF(C13="Важно",2,IF(C13="Опционально",1,0))) -> 2
A14: Кастерские бафы | B14: Spell Power | C14: Важно | D14: ='РЕЙД-КОНСТРУКТОР'!K16 -> 0 | E14: =IF(D14=0,"НЕ ХВАТАЕТ",IF(D14=1,"ЕСТЬ","ЕСТЬ ЗАПАС")) -> НЕ ХВАТАЕТ | F14: 8 | G14: 3 | H14: Мили-DPS, Рейндж/кастер, Танк, Хилер | I14: Cultist — Corruption; Sun Cleric — Blessings; Sun Cleric — Valkyrie; Sun Cleric — Piety; Sun Cleric — Seraphim; Necromancer — Animation; Necromancer — Death; Necromancer — Rime | J14: Spell Power Flat | K14: https://coa-raid-comp.ascension.gg/ | L14: Necromancer — любой спек; Sun Cleric — любой спек; Cultist — Corruption | M14: =IF(C14="Критично",3,IF(C14="Важно",2,IF(C14="Опционально",1,0))) -> 2
A15: Кастерские бафы | B15: 3% Spell Haste | C15: Критично | D15: ='РЕЙД-КОНСТРУКТОР'!K17 -> 0 | E15: =IF(D15=0,"НЕ ХВАТАЕТ",IF(D15=1,"ЕСТЬ","ЕСТЬ ЗАПАС")) -> НЕ ХВАТАЕТ | F15: 14 | G15: 11 | H15: Мили-DPS, Рейндж/кастер, Хилер | I15: Witch Doctor — Shadowhunting; Witch Doctor — Voodoo; Witch Doctor — Brewing; Witch Hunter — Houndmaster; Cultist — Corruption; Sun Cleric — Blessings; Primalist — Geomancy; Bloodmage — Sanguine; Bloodmage — Accursed; Pyromancer — Draconic; Chronomancer — Time; Necromancer — Death; Venomancer — Rot; Tinker — Invention | J15: Spell Haste (3%) | K15: https://coa-raid-comp.ascension.gg/ | L15: Witch Doctor — любой спек; Chronomancer — Time; Cultist — Corruption; Necromancer — Death; + ещё 7 классов | M15: =IF(C15="Критично",3,IF(C15="Важно",2,IF(C15="Опционально",1,0))) -> 3
... A48: Утилити-дебафы | B48: Damage Done Reduction (5%) | C48: Критично | D48: ='РЕЙД-КОНСТРУКТОР'!K50 -> 0 | E48: =IF(D48=0,"НЕ ХВАТАЕТ",IF(D48=1,"ЕСТЬ","ЕСТЬ ЗАПАС")) -> НЕ ХВАТАЕТ | F48: 5 | G48: 3 | H48: Мили-DPS, Рейндж/кастер, Танк | I48: Felsworn — Infernal; Felsworn — Tyrant; Felsworn — Slaying; Witch Hunter — Inquisition; Sun Cleric — Seraphim | J48: Damage done debuff (5%) | K48: https://coa-raid-comp.ascension.gg/ | L48: Felsworn — любой спек; Sun Cleric — Seraphim; Witch Hunter — Inquisition | M48: =IF(C48="Критично",3,IF(C48="Важно",2,IF(C48="Опционально",1,0))) -> 3

Sheet ДАННЫЕ_Комбинации
A1: ИСХОДНЫЕ ДАННЫЕ: КЛАССЫ И СПЕКИ
A2: Класс | B2: Специализация | C2: Роль | D2: Классовые бафы | E2: Сопротивления класса | F2: Классовые дебафы | G2: Эффекты спека: buffs[] | H2: Эффекты спека: debuffs[] | I2: Итоговые бафы по UI | J2: Итоговые дебафы по UI | K2: Источник
A3: Barbarian | B3: Ancestry | C3: Саппорт | D3: Strength; Agility; Attack Power; Concentration | E3: — | F3: — | G3: Armor; Heroism | Bloodlust; Resistance Reduction | H3: — | I3: Strength; Agility; Attack Power; Concentration; Armor; Heroism | Bloodlust | J3: Resistance Reduction | K3: https://coa-raid-comp.ascension.gg/
A4: Barbarian | B4: Brutality | C4: Мили-DPS | D4: Strength; Agility; Attack Power; Concentration | E4: — | F4: — | G4: 5% Attack Power | H4: 4% Physical Damage; 30% Bleed Damage; Armor Reduction | I4: Strength; Agility; Attack Power; Concentration; 5% Attack Power | J4: 4% Physical Damage; 30% Bleed Damage; Armor Reduction | K4: https://coa-raid-comp.ascension.gg/
A5: Barbarian | B5: Headhunting | C5: Рейндж/кастер | D5: Strength; Agility; Attack Power; Concentration | E5: — | F5: — | G5: 3% Critical Strike (all); 5% Attack Power | H5: 30% Bleed Damage; Healing Reduction | I5: Strength; Agility; Attack Power; Concentration; 3% Critical Strike (all); 5% Attack Power | J5: 30% Bleed Damage; Healing Reduction | K5: https://coa-raid-comp.ascension.gg/
A6: Witch Doctor | B6: Shadowhunting | C6: Рейндж/кастер | D6: Small Resistances (all); Intellect; Spirit; Mana Regeneration; 5% Resource Reduction | E6: — | F6: Cast Speed Slow | G6: 10% Melee & Range Haste; 3% Spell Haste; 5% Attack Power | H6: Resistance Reduction | I6: Small Resistances (all); Intellect; Spirit; Mana Regeneration; 5% Resource Reduction; 10% Melee & Range Haste; 3% Spell Haste; 5% Attack Power | J6: Cast Speed Slow; Resistance Reduction | K6: https://coa-raid-comp.ascension.gg/
A7: Witch Doctor | B7: Voodoo | C7: Рейндж/кастер | D7: Small Resistances (all); Intellect; Spirit; Mana Regeneration; 5% Resource Reduction | E7: — | F7: Cast Speed Slow | G7: 3% Spell Haste; 3% Damage Done (all) | H7: Attack Speed Slow; Resistance Reduction | I7: Small Resistances (all); Intellect; Spirit; Mana Regeneration; 5% Resource Reduction; 3% Spell Haste; 3% Damage Done (all) | J7: Cast Speed Slow; Attack Speed Slow; Resistance Reduction | K7: https://coa-raid-comp.ascension.gg/
A8: Witch Doctor | B8: Brewing | C8: Хилер | D8: Small Resistances (all); Intellect; Spirit; Mana Regeneration; 5% Resource Reduction | E8: — | F8: Cast Speed Slow | G8: 3% Spell Haste; Replenishment | H8: Attack Power Reduction; Resistance Reduction | I8: Small Resistances (all); Intellect; Spirit; Mana Regeneration; 5% Resource Reduction; 3% Spell Haste; Replenishment | J8: Cast Speed Slow; Attack Power Reduction; Resistance Reduction | K8: https://coa-raid-comp.ascension.gg/
A9: Felsworn | B9: Infernal | C9: Рейндж/кастер | D9: Minor Armor and All Stats; Attack Power | E9: Fire Resistance; Shadow Resistance | F9: — | G9: 3% Critical Strike (all); Damage Done Reduction (5%) | H9: 3% Spell Hit; 10% Spell Damage | I9: Minor Armor and All Stats; Attack Power; Fire Resistance; Shadow Resistance; 3% Critical Strike (all) | J9: Damage Done Reduction (5%); 3% Spell Hit; 10% Spell Damage | K9: https://coa-raid-comp.ascension.gg/
A10: Felsworn | B10: Tyrant | C10: Танк | D10: Minor Armor and All Stats; Attack Power | E10: Fire Resistance; Shadow Resistance | F10: — | G10: 10% Melee & Range Haste; 3% Damage Done (all); Defensive Cooldown (Raid-Wide) | H10: 4% Physical Damage; Attack Power Reduction; Attack Speed Slow; Damage Done Reduction (5%) | I10: Minor Armor and All Stats; Attack Power; Fire Resistance; Shadow Resistance; 10% Melee & Range Haste; 3% Damage Done (all); Defensive Cooldown (Raid-Wide) | J10: 4% Physical Damage; Attack Power Reduction; Attack Speed Slow; Damage Done Reduction (5%) | K10: https://coa-raid-comp.ascension.gg/
A11: Felsworn | B11: Slaying | C11: Мили-DPS | D11: Minor Armor and All Stats; Attack Power | E11: Fire Resistance; Shadow Resistance | F11: — | G11: 10% Melee & Range Haste; Armor | H11: Healing Reduction; Cast Speed Slow; Armor Reduction; Damage Done Reduction (5%) | I11: Minor Armor and All Stats; Attack Power; Fire Resistance; Shadow Resistance; 10% Melee & Range Haste; Armor | J11: Healing Reduction; Cast Speed Slow; Armor Reduction; Damage Done Reduction (5%) | K11: https://coa-raid-comp.ascension.gg/
A12: Witch Hunter | B12: Inquisition | C12: Мили-DPS | D12: Minor Armor and All Stats; Attack Power; Mana Regeneration | E12: Shadow Resistance | F12: — | G12: 10% Melee & Range Haste | H12: Cast Speed Slow; Damage Done Reduction (5%) | I12: Minor Armor and All Stats; Attack Power; Mana Regeneration; Shadow Resistance; 10% Melee & Range Haste | J12: Cast Speed Slow; Damage Done Reduction (5%) | K12: https://coa-raid-comp.ascension.gg/
A13: Witch Hunter | B13: Houndmaster | C13: Рейндж/кастер | D13: Minor Armor and All Stats; Attack Power; Mana Regeneration | E13: Shadow Resistance | F13: — | G13: 3% Spell Haste; 5% Attack Power | H13: Cast Speed Slow | I13: Minor Armor and All Stats; Attack Power; Mana Regeneration; Shadow Resistance; 3% Spell Haste; 5% Attack Power | J13: Cast Speed Slow | K13: https://coa-raid-comp.ascension.gg/
... A72: Tinker | B72: Invention | C72: Хилер | D72: Attack Power; Mana Regeneration; Strong Mana Cooldown; Concentration; Amplify Magic | E72: — | F72: — | G72: 3% Spell Haste; 3% Damage Reduction (all); 6% Healing Done | H72: — | I72: Attack Power; Mana Regeneration; Strong Mana Cooldown; Concentration; Amplify Magic; 3% Spell Haste; 3% Damage Reduction (all); 6% Healing Done | J72: — | K72: https://coa-raid-comp.ascension.gg/

Sheet ДАННЫЕ_Источники
A1: ИСХОДНЫЕ ДАННЫЕ: ВСЕ ИСТОЧНИКИ ЭФФЕКТОВ
A2: Категория UI | B2: Отображаемое имя | C2: Ключ эффекта | D2: Уровень | E2: Поле базы | F2: Класс | G2: Специализация | H2: Роль | I2: Исходное значение | J2: Источник кода
A3: Физические бафы | B3: Strength | C3: Flat Strength | D3: Класс | E3: classBuffs | F3: Barbarian | G3: Ancestry | H3: Саппорт | I3: Flat Strength | J3: https://github.com/TheAscOrg/coa-raid-comp-calculator/blob/main/src/data/raidData.js
A4: Физические бафы | B4: Agility | C4: Flat Agility | D4: Класс | E4: classBuffs | F4: Barbarian | G4: Ancestry | H4: Саппорт | I4: Flat Agility | J4: https://github.com/TheAscOrg/coa-raid-comp-calculator/blob/main/src/data/raidData.js
A5: Физические бафы | B5: Attack Power | C5: AP Flat (Shout) | D5: Класс | E5: classBuffs | F5: Barbarian | G5: Ancestry | H5: Саппорт | I5: AP Flat (Shout) | J5: https://github.com/TheAscOrg/coa-raid-comp-calculator/blob/main/src/data/raidData.js
A6: Утилити-бафы | B6: Concentration | C6: Concentration | D6: Класс | E6: classBuffs | F6: Barbarian | G6: Ancestry | H6: Саппорт | I6: Concentration (Berserker) | J6: https://github.com/TheAscOrg/coa-raid-comp-calculator/blob/main/src/data/raidData.js
A7: Утилити-бафы | B7: Armor | C7: Armor (Devo) | D7: Спек | E7: specBuffs | F7: Barbarian | G7: Ancestry | H7: Саппорт | I7: Armor (Devo) | J7: https://github.com/TheAscOrg/coa-raid-comp-calculator/blob/main/src/data/raidData.js
A8: Утилити-бафы | B8: Heroism | Bloodlust | C8: Heroism | D8: Спек | E8: specBuffs | F8: Barbarian | G8: Ancestry | H8: Саппорт | I8: Heroism | J8: https://github.com/TheAscOrg/coa-raid-comp-calculator/blob/main/src/data/raidData.js
A9: Магические дебафы | B9: Resistance Reduction | C9: Resistance REDUCTION | D9: Спек | E9: specBuffs | F9: Barbarian | G9: Ancestry | H9: Саппорт | I9: Resistance REDUCTION | J9: https://github.com/TheAscOrg/coa-raid-comp-calculator/blob/main/src/data/raidData.js
A10: Физические бафы | B10: Strength | C10: Flat Strength | D10: Класс | E10: classBuffs | F10: Barbarian | G10: Brutality | H10: Мили-DPS | I10: Flat Strength | J10: https://github.com/TheAscOrg/coa-raid-comp-calculator/blob/main/src/data/raidData.js
A11: Физические бафы | B11: Agility | C11: Flat Agility | D11: Класс | E11: classBuffs | F11: Barbarian | G11: Brutality | H11: Мили-DPS | I11: Flat Agility | J11: https://github.com/TheAscOrg/coa-raid-comp-calculator/blob/main/src/data/raidData.js
A12: Физические бафы | B12: Attack Power | C12: AP Flat (Shout) | D12: Класс | E12: classBuffs | F12: Barbarian | G12: Brutality | H12: Мили-DPS | I12: AP Flat (Shout) | J12: https://github.com/TheAscOrg/coa-raid-comp-calculator/blob/main/src/data/raidData.js
A13: Утилити-бафы | B13: Concentration | C13: Concentration | D13: Класс | E13: classBuffs | F13: Barbarian | G13: Brutality | H13: Мили-DPS | I13: Concentration (Berserker) | J13: https://github.com/TheAscOrg/coa-raid-comp-calculator/blob/main/src/data/raidData.js
... A561: Утилити-бафы | B561: 6% Healing Done | C561: 6% Healing Taken | D561: Спек | E561: specBuffs | F561: Tinker | G561: Invention | H561: Хилер | I561: 6% Healing Taken | J561: https://github.com/TheAscOrg/coa-raid-comp-calculator/blob/main/src/data/raidData.js

Sheet Справка
A1: СПРАВКА ПО БАЗЕ И ЛОГИКЕ КАЛЬКУЛЯТОРА
A2: Показатель | B2: Значение | C2: Пояснение | D2: Источник
A3: Классы | B3: 21 | C3: Активные классы в объекте DB | D3: https://github.com/TheAscOrg/coa-raid-comp-calculator/blob/main/src/data/raidData.js
A4: Специализации | B4: 70 | C4: Активные специализации в объекте DB; 135 в README — число файлов иконок, не активных спеков | D4: https://github.com/TheAscOrg/coa-raid-comp-calculator/blob/main/src/data/raidData.js
A5: Типы эффектов | B5: 45 | C5: Элементы шести разделов панели: 3 группы бафов и 3 группы дебафов | D5: https://github.com/TheAscOrg/coa-raid-comp-calculator/blob/main/src/data/raidData.js
A6: Логика сочетания | B6: Класс + спек | C6: При выборе спека калькулятор объединяет classBuffs, classResists, classDebuffs, spec.buffs и spec.debuffs | D6: https://github.com/TheAscOrg/coa-raid-comp-calculator/blob/main/src/main.jsx
A7: Канонизация | B7: Concentration (Berserker) → Concentration | C7: Единственный алиас в текущей базе | D7: https://github.com/TheAscOrg/coa-raid-comp-calculator/blob/main/src/data/raidData.js
A8: Важно | B8: Категория берётся из UI_CATEGORIES | C8: Некоторые дебафы физически записаны в массив buffs[]; поэтому итоговые бафы/дебафы определены по разделу интерфейса, а не только по имени поля | D8: https://github.com/TheAscOrg/coa-raid-comp-calculator/blob/main/src/data/raidData.js
A10: Категория UI | B10: Тип | C10: Количество эффектов | D10: Примечание
A11: Физические бафы | B11: Баф | C11: 8 | D11: 10% Stats; Minor Armor and All Stats; Stamina; Strength; Agility; Attack Power; 5% Attack Power; 10% Melee & Range Haste
A12: Кастерские бафы | B12: Баф | C12: 7 | D12: Intellect; Spirit; Spell Power; 3% Spell Haste; Mana Regeneration; Replenishment; Strong Mana Cooldown
A13: Утилити-бафы | B13: Баф | C13: 17 | D13: 3% Critical Strike (all); 3% Damage Done (all); Small Resistances (all); Fire Resistance; Frost Resistance; Nature Resistance; Shadow Resistance; Arcane Resistance; 5% Resource Reduction; 3% Damage Reduction (all); 6% Healing Done; Concentration; Amplify Magic; Dampen Magic; Armor; Defensive Cooldown (Raid-Wide); Heroism | Bloodlust
A14: Физические дебафы | B14: Дебаф | C14: 3 | D14: 4% Physical Damage; 30% Bleed Damage; Armor Reduction
A15: Магические дебафы | B15: Дебаф | C15: 4 | D15: 10% Spell Damage; 3% Spell Critical Strike Chance; 3% Spell Hit; Resistance Reduction
A16: Утилити-дебафы | B16: Дебаф | C16: 6 | D16: Attack Power Reduction; Attack Speed Slow; 3% Hit Reduction; Healing Reduction; Cast Speed Slow; Damage Done Reduction (5%)
A19: КАК ПОЛЬЗОВАТЬСЯ ЭТОЙ КНИГОЙ
A20: НОВАЯ ЛОГИКА ПЕРВОЙ СТРАНИЦЫ
A21: 1. Выберите класс и специализацию — роль подставится автоматически. | B21: Покрытие | C21: Красное — эффекта нет; жёлтое — один источник; зелёное — есть резерв.
A22: 2. Блок справа показывает один точный следующий выбор и восемь самых важных недостающих эффектов с источниками. | B22: Приоритет | C22: Критично = 3 балла, Важно = 2, Опционально = 1, Не учитывать = 0. Значения можно менять.
A23: 3. «Умеренно» штрафует повторы; «Разнообразно» штрафует сильнее; лимиты запрещают превышение одинакового спека/класса. | B23: Рекомендации | C23: Топ специализаций учитывает только отсутствующие эффекты, приоритеты и выбранный фильтр роли. Уже взятые спеки исключаются.
A24: 4. После закрытия критических и важных эффектов рекомендатель сильнее опирается на DPS/HPS/DTPS, смертность и дефицит роли. | B24: СРАВНЕНИЕ СПЕКОВ | C24: Выбери два класса и спека — книга покажет, что каждый добавит именно текущему рейду.
A25: 5. Приоритет эффекта меняется на листе «СПРАВОЧНИК ЭФФЕКТОВ», столбец C. | B25: КАТАЛОГ СПЕКОВ | C25: Используй фильтры таблицы для анализа всех 70 специализаций. Динамические колонки обновляются от текущего состава.
A27: Версия v4: исправлена совместимость с Microsoft Excel. Удалены повреждённые правила условного форматирования на трёх листах. Формулы, списки выбора и пошаговые рекомендации сохранены.

Sheet ТЕХ_Списки
A1: Класс | B1: Специализация | C1: Роль | D1: Ключ | E1: 10% Stats | F1: Minor Armor and All Stats | G1: Stamina | H1: Strength | I1: Agility | J1: Attack Power | K1: 5% Attack Power | L1: 10% Melee & Range Haste | M1: Intellect | N1: Spirit | O1: Spell Power | P1: 3% Spell Haste | Q1: Mana Regeneration | R1: Replenishment | S1: Strong Mana Cooldown | T1: 3% Critical Strike (all) | U1: 3% Damage Done (all) | V1: Small Resistances (all) | W1: Fire Resistance | X1: Frost Resistance | Y1: Nature Resistance | Z1: Shadow Resistance | AA1: Arcane Resistance | AB1: 5% Resource Reduction | AC1: 3% Damage Reduction (all) | AD1: 6% Healing Done | AE1: Concentration | AF1: Amplify Magic | AG1: Dampen Magic | AH1: Armor | AI1: Defensive Cooldown (Raid-Wide) | AJ1: Heroism | Bloodlust | AK1: 4% Physical Damage | AL1: 30% Bleed Damage | AM1: Armor Reduction | AN1: 10% Spell Damage | AO1: 3% Spell Critical Strike Chance | AP1: 3% Spell Hit | AQ1: Resistance Reduction | AR1: Attack Power Reduction | AS1: Attack Speed Slow | AT1: 3% Hit Reduction | AU1: Healing Reduction | AV1: Cast Speed Slow | AW1: Damage Done Reduction (5%) | AY1: Классы | AZ1: Роли | BA1: Приоритеты | BB1: Количество | BC1: Уникальность | BD1: Лимит
A2: Barbarian | B2: Ancestry | C2: Саппорт | D2: Barbarian§Ancestry | E2: 0 | F2: 0 | G2: 0 | H2: 1 | I2: 1 | J2: 1 | K2: 0 | L2: 0 | M2: 0 | N2: 0 | O2: 0 | P2: 0 | Q2: 0 | R2: 0 | S2: 0 | T2: 0 | U2: 0 | V2: 0 | W2: 0 | X2: 0 | Y2: 0 | Z2: 0 | AA2: 0 | AB2: 0 | AC2: 0 | AD2: 0 | AE2: 1 | AF2: 0 | AG2: 0 | AH2: 1 | AI2: 0 | AJ2: 1 | AK2: 0 | AL2: 0 | AM2: 0 | AN2: 0 | AO2: 0 | AP2: 0 | AQ2: 1 | AR2: 0 | AS2: 0 | AT2: 0 | AU2: 0 | AV2: 0 | AW2: 0 | AY2: Barbarian | AZ2: Любая | BA2: Критично | BB2: 1 | BC2: Без ограничений | BD2: 1
A3: Barbarian | B3: Brutality | C3: Мили-DPS | D3: Barbarian§Brutality | E3: 0 | F3: 0 | G3: 0 | H3: 1 | I3: 1 | J3: 1 | K3: 1 | L3: 0 | M3: 0 | N3: 0 | O3: 0 | P3: 0 | Q3: 0 | R3: 0 | S3: 0 | T3: 0 | U3: 0 | V3: 0 | W3: 0 | X3: 0 | Y3: 0 | Z3: 0 | AA3: 0 | AB3: 0 | AC3: 0 | AD3: 0 | AE3: 1 | AF3: 0 | AG3: 0 | AH3: 0 | AI3: 0 | AJ3: 0 | AK3: 1 | AL3: 1 | AM3: 1 | AN3: 0 | AO3: 0 | AP3: 0 | AQ3: 0 | AR3: 0 | AS3: 0 | AT3: 0 | AU3: 0 | AV3: 0 | AW3: 0 | AY3: Witch Doctor | AZ3: Танк | BA3: Важно | BB3: 2 | BC3: Умеренно | BD3: 2
A4: Barbarian | B4: Headhunting | C4: Рейндж/кастер | D4: Barbarian§Headhunting | E4: 0 | F4: 0 | G4: 0 | H4: 1 | I4: 1 | J4: 1 | K4: 1 | L4: 0 | M4: 0 | N4: 0 | O4: 0 | P4: 0 | Q4: 0 | R4: 0 | S4: 0 | T4: 1 | U4: 0 | V4: 0 | W4: 0 | X4: 0 | Y4: 0 | Z4: 0 | AA4: 0 | AB4: 0 | AC4: 0 | AD4: 0 | AE4: 1 | AF4: 0 | AG4: 0 | AH4: 0 | AI4: 0 | AJ4: 0 | AK4: 0 | AL4: 1 | AM4: 0 | AN4: 0 | AO4: 0 | AP4: 0 | AQ4: 0 | AR4: 0 | AS4: 0 | AT4: 0 | AU4: 1 | AV4: 0 | AW4: 0 | AY4: Felsworn | AZ4: Хилер | BA4: Опционально | BB4: 3 | BC4: Разнообразно | BD4: 3
A5: Witch Doctor | B5: Shadowhunting | C5: Рейндж/кастер | D5: Witch Doctor§Shadowhunting | E5: 0 | F5: 0 | G5: 0 | H5: 0 | I5: 0 | J5: 0 | K5: 1 | L5: 1 | M5: 1 | N5: 1 | O5: 0 | P5: 1 | Q5: 1 | R5: 0 | S5: 0 | T5: 0 | U5: 0 | V5: 1 | W5: 0 | X5: 0 | Y5: 0 | Z5: 0 | AA5: 0 | AB5: 1 | AC5: 0 | AD5: 0 | AE5: 0 | AF5: 0 | AG5: 0 | AH5: 0 | AI5: 0 | AJ5: 0 | AK5: 0 | AL5: 0 | AM5: 0 | AN5: 0 | AO5: 0 | AP5: 0 | AQ5: 1 | AR5: 0 | AS5: 0 | AT5: 0 | AU5: 0 | AV5: 1 | AW5: 0 | AY5: Witch Hunter | AZ5: Мили-DPS | BA5: Не учитывать | BB5: 4 | BD5: 4
A6: Witch Doctor | B6: Voodoo | C6: Рейндж/кастер | D6: Witch Doctor§Voodoo | E6: 0 | F6: 0 | G6: 0 | H6: 0 | I6: 0 | J6: 0 | K6: 0 | L6: 0 | M6: 1 | N6: 1 | O6: 0 | P6: 1 | Q6: 1 | R6: 0 | S6: 0 | T6: 0 | U6: 1 | V6: 1 | W6: 0 | X6: 0 | Y6: 0 | Z6: 0 | AA6: 0 | AB6: 1 | AC6: 0 | AD6: 0 | AE6: 0 | AF6: 0 | AG6: 0 | AH6: 0 | AI6: 0 | AJ6: 0 | AK6: 0 | AL6: 0 | AM6: 0 | AN6: 0 | AO6: 0 | AP6: 0 | AQ6: 1 | AR6: 0 | AS6: 1 | AT6: 0 | AU6: 0 | AV6: 1 | AW6: 0 | AY6: Stormbringer | AZ6: Рейндж/кастер | BB6: 5 | BD6: 5
A7: Witch Doctor | B7: Brewing | C7: Хилер | D7: Witch Doctor§Brewing | E7: 0 | F7: 0 | G7: 0 | H7: 0 | I7: 0 | J7: 0 | K7: 0 | L7: 0 | M7: 1 | N7: 1 | O7: 0 | P7: 1 | Q7: 1 | R7: 1 | S7: 0 | T7: 0 | U7: 0 | V7: 1 | W7: 0 | X7: 0 | Y7: 0 | Z7: 0 | AA7: 0 | AB7: 1 | AC7: 0 | AD7: 0 | AE7: 0 | AF7: 0 | AG7: 0 | AH7: 0 | AI7: 0 | AJ7: 0 | AK7: 0 | AL7: 0 | AM7: 0 | AN7: 0 | AO7: 0 | AP7: 0 | AQ7: 1 | AR7: 1 | AS7: 0 | AT7: 0 | AU7: 0 | AV7: 1 | AW7: 0 | AY7: Cultist | AZ7: Саппорт | BB7: 6 | BD7: 6
A8: Felsworn | B8: Infernal | C8: Рейндж/кастер | D8: Felsworn§Infernal | E8: 0 | F8: 1 | G8: 0 | H8: 0 | I8: 0 | J8: 1 | K8: 0 | L8: 0 | M8: 0 | N8: 0 | O8: 0 | P8: 0 | Q8: 0 | R8: 0 | S8: 0 | T8: 1 | U8: 0 | V8: 0 | W8: 1 | X8: 0 | Y8: 0 | Z8: 1 | AA8: 0 | AB8: 0 | AC8: 0 | AD8: 0 | AE8: 0 | AF8: 0 | AG8: 0 | AH8: 0 | AI8: 0 | AJ8: 0 | AK8: 0 | AL8: 0 | AM8: 0 | AN8: 1 | AO8: 0 | AP8: 1 | AQ8: 0 | AR8: 0 | AS8: 0 | AT8: 0 | AU8: 0 | AV8: 0 | AW8: 1 | AY8: Knight of Xoroth | BB8: 7 | BD8: 7
A9: Felsworn | B9: Tyrant | C9: Танк | D9: Felsworn§Tyrant | E9: 0 | F9: 1 | G9: 0 | H9: 0 | I9: 0 | J9: 1 | K9: 0 | L9: 1 | M9: 0 | N9: 0 | O9: 0 | P9: 0 | Q9: 0 | R9: 0 | S9: 0 | T9: 0 | U9: 1 | V9: 0 | W9: 1 | X9: 0 | Y9: 0 | Z9: 1 | AA9: 0 | AB9: 0 | AC9: 0 | AD9: 0 | AE9: 0 | AF9: 0 | AG9: 0 | AH9: 0 | AI9: 1 | AJ9: 0 | AK9: 1 | AL9: 0 | AM9: 0 | AN9: 0 | AO9: 0 | AP9: 0 | AQ9: 0 | AR9: 1 | AS9: 1 | AT9: 0 | AU9: 0 | AV9: 0 | AW9: 1 | AY9: Guardian | BB9: 8 | BD9: 8
A10: Felsworn | B10: Slaying | C10: Мили-DPS | D10: Felsworn§Slaying | E10: 0 | F10: 1 | G10: 0 | H10: 0 | I10: 0 | J10: 1 | K10: 0 | L10: 1 | M10: 0 | N10: 0 | O10: 0 | P10: 0 | Q10: 0 | R10: 0 | S10: 0 | T10: 0 | U10: 0 | V10: 0 | W10: 1 | X10: 0 | Y10: 0 | Z10: 1 | AA10: 0 | AB10: 0 | AC10: 0 | AD10: 0 | AE10: 0 | AF10: 0 | AG10: 0 | AH10: 1 | AI10: 0 | AJ10: 0 | AK10: 0 | AL10: 0 | AM10: 1 | AN10: 0 | AO10: 0 | AP10: 0 | AQ10: 0 | AR10: 0 | AS10: 0 | AT10: 0 | AU10: 1 | AV10: 1 | AW10: 1 | AY10: Starcaller | BB10: 9 | BD10: 9
A11: Witch Hunter | B11: Inquisition | C11: Мили-DPS | D11: Witch Hunter§Inquisition | E11: 0 | F11: 1 | G11: 0 | H11: 0 | I11: 0 | J11: 1 | K11: 0 | L11: 1 | M11: 0 | N11: 0 | O11: 0 | P11: 0 | Q11: 1 | R11: 0 | S11: 0 | T11: 0 | U11: 0 | V11: 0 | W11: 0 | X11: 0 | Y11: 0 | Z11: 1 | AA11: 0 | AB11: 0 | AC11: 0 | AD11: 0 | AE11: 0 | AF11: 0 | AG11: 0 | AH11: 0 | AI11: 0 | AJ11: 0 | AK11: 0 | AL11: 0 | AM11: 0 | AN11: 0 | AO11: 0 | AP11: 0 | AQ11: 0 | AR11: 0 | AS11: 0 | AT11: 0 | AU11: 0 | AV11: 1 | AW11: 1 | AY11: Sun Cleric | BB11: 10 | BD11: 10
A12: Witch Hunter | B12: Houndmaster | C12: Рейндж/кастер | D12: Witch Hunter§Houndmaster | E12: 0 | F12: 1 | G12: 0 | H12: 0 | I12: 0 | J12: 1 | K12: 1 | L12: 0 | M12: 0 | N12: 0 | O12: 0 | P12: 1 | Q12: 1 | R12: 0 | S12: 0 | T12: 0 | U12: 0 | V12: 0 | W12: 0 | X12: 0 | Y12: 0 | Z12: 1 | AA12: 0 | AB12: 0 | AC12: 0 | AD12: 0 | AE12: 0 | AF12: 0 | AG12: 0 | AH12: 0 | AI12: 0 | AJ12: 0 | AK12: 0 | AL12: 0 | AM12: 0 | AN12: 0 | AO12: 0 | AP12: 0 | AQ12: 0 | AR12: 0 | AS12: 0 | AT12: 0 | AU12: 0 | AV12: 1 | AW12: 0 | AY12: Templar | BD12: 11
A13: Witch Hunter | B13: Black Knight | C13: Танк | D13: Witch Hunter§Black Knight | E13: 0 | F13: 1 | G13: 0 | H13: 0 | I13: 0 | J13: 1 | K13: 0 | L13: 0 | M13: 0 | N13: 0 | O13: 0 | P13: 0 | Q13: 1 | R13: 1 | S13: 0 | T13: 0 | U13: 0 | V13: 0 | W13: 0 | X13: 0 | Y13: 0 | Z13: 1 | AA13: 0 | AB13: 0 | AC13: 0 | AD13: 0 | AE13: 0 | AF13: 0 | AG13: 0 | AH13: 0 | AI13: 1 | AJ13: 0 | AK13: 0 | AL13: 0 | AM13: 0 | AN13: 0 | AO13: 0 | AP13: 0 | AQ13: 0 | AR13: 0 | AS13: 1 | AT13: 0 | AU13: 0 | AV13: 1 | AW13: 0 | AY13: Primalist | BD13: 12
A14: Witch Hunter | B14: Boltslinger | C14: Рейндж/кастер | D14: Witch Hunter§Boltslinger | E14: 0 | F14: 1 | G14: 0 | H14: 0 | I14: 0 | J14: 1 | K14: 0 | L14: 0 | M14: 0 | N14: 0 | O14: 0 | P14: 0 | Q14: 1 | R14: 0 | S14: 0 | T14: 1 | U14: 0 | V14: 0 | W14: 0 | X14: 0 | Y14: 0 | Z14: 1 | AA14: 0 | AB14: 0 | AC14: 0 | AD14: 0 | AE14: 0 | AF14: 0 | AG14: 0 | AH14: 0 | AI14: 0 | AJ14: 0 | AK14: 0 | AL14: 0 | AM14: 1 | AN14: 0 | AO14: 0 | AP14: 0 | AQ14: 0 | AR14: 0 | AS14: 0 | AT14: 0 | AU14: 1 | AV14: 1 | AW14: 0 | AY14: Bloodmage | BD14: 13
A15: Stormbringer | B15: Maelstrom | C15: Рейндж/кастер | D15: Stormbringer§Maelstrom | E15: 0 | F15: 0 | G15: 0 | H15: 0 | I15: 0 | J15: 0 | K15: 0 | L15: 0 | M15: 1 | N15: 0 | O15: 0 | P15: 0 | Q15: 1 | R15: 0 | S15: 0 | T15: 0 | U15: 1 | V15: 1 | W15: 0 | X15: 0 | Y15: 1 | Z15: 0 | AA15: 0 | AB15: 0 | AC15: 0 | AD15: 0 | AE15: 1 | AF15: 0 | AG15: 0 | AH15: 0 | AI15: 0 | AJ15: 0 | AK15: 0 | AL15: 0 | AM15: 0 | AN15: 1 | AO15: 0 | AP15: 0 | AQ15: 0 | AR15: 0 | AS15: 1 | AT15: 0 | AU15: 0 | AV15: 0 | AW15: 0 | AY15: Pyromancer | BD15: 14
A16: Stormbringer | B16: Lightning | C16: Рейндж/кастер | D16: Stormbringer§Lightning | E16: 0 | F16: 0 | G16: 0 | H16: 0 | I16: 0 | J16: 0 | K16: 0 | L16: 0 | M16: 1 | N16: 0 | O16: 0 | P16: 0 | Q16: 1 | R16: 0 | S16: 0 | T16: 1 | U16: 0 | V16: 1 | W16: 0 | X16: 0 | Y16: 1 | Z16: 0 | AA16: 0 | AB16: 0 | AC16: 0 | AD16: 0 | AE16: 1 | AF16: 0 | AG16: 0 | AH16: 0 | AI16: 0 | AJ16: 0 | AK16: 0 | AL16: 0 | AM16: 0 | AN16: 0 | AO16: 1 | AP16: 0 | AQ16: 0 | AR16: 0 | AS16: 0 | AT16: 0 | AU16: 0 | AV16: 0 | AW16: 0 | AY16: Ranger | BD16: 15
A17: Stormbringer | B17: Wind | C17: Саппорт | D17: Stormbringer§Wind | E17: 0 | F17: 0 | G17: 0 | H17: 0 | I17: 0 | J17: 0 | K17: 0 | L17: 0 | M17: 1 | N17: 0 | O17: 0 | P17: 0 | Q17: 1 | R17: 0 | S17: 0 | T17: 0 | U17: 0 | V17: 1 | W17: 0 | X17: 0 | Y17: 1 | Z17: 0 | AA17: 0 | AB17: 0 | AC17: 0 | AD17: 0 | AE17: 1 | AF17: 0 | AG17: 0 | AH17: 1 | AI17: 0 | AJ17: 1 | AK17: 0 | AL17: 0 | AM17: 0 | AN17: 0 | AO17: 0 | AP17: 0 | AQ17: 0 | AR17: 0 | AS17: 0 | AT17: 0 | AU17: 0 | AV17: 0 | AW17: 0 | AY17: Reaper | BD17: 16
A18: Cultist | B18: Heretic | C18: Хилер | D18: Cultist§Heretic | E18: 1 | F18: 0 | G18: 0 | H18: 0 | I18: 0 | J18: 0 | K18: 0 | L18: 0 | M18: 1 | N18: 1 | O18: 0 | P18: 0 | Q18: 0 | R18: 1 | S18: 0 | T18: 0 | U18: 0 | V18: 0 | W18: 0 | X18: 0 | Y18: 0 | Z18: 1 | AA18: 0 | AB18: 0 | AC18: 1 | AD18: 0 | AE18: 0 | AF18: 0 | AG18: 1 | AH18: 0 | AI18: 0 | AJ18: 0 | AK18: 0 | AL18: 0 | AM18: 0 | AN18: 0 | AO18: 0 | AP18: 0 | AQ18: 0 | AR18: 0 | AS18: 0 | AT18: 0 | AU18: 0 | AV18: 0 | AW18: 0 | AY18: Runemaster | BD18: 17
A19: Cultist | B19: Dreadnought | C19: Танк | D19: Cultist§Dreadnought | E19: 1 | F19: 0 | G19: 0 | H19: 0 | I19: 0 | J19: 0 | K19: 0 | L19: 0 | M19: 1 | N19: 1 | O19: 0 | P19: 0 | Q19: 0 | R19: 0 | S19: 0 | T19: 0 | U19: 0 | V19: 0 | W19: 0 | X19: 0 | Y19: 0 | Z19: 1 | AA19: 0 | AB19: 0 | AC19: 0 | AD19: 0 | AE19: 0 | AF19: 0 | AG19: 1 | AH19: 0 | AI19: 0 | AJ19: 0 | AK19: 0 | AL19: 0 | AM19: 0 | AN19: 0 | AO19: 0 | AP19: 0 | AQ19: 0 | AR19: 1 | AS19: 1 | AT19: 1 | AU19: 0 | AV19: 0 | AW19: 0 | AY19: Chronomancer | BD19: 18
A20: Cultist | B20: Corruption | C20: Рейндж/кастер | D20: Cultist§Corruption | E20: 1 | F20: 0 | G20: 0 | H20: 0 | I20: 0 | J20: 0 | K20: 0 | L20: 0 | M20: 1 | N20: 1 | O20: 1 | P20: 1 | Q20: 0 | R20: 0 | S20: 0 | T20: 0 | U20: 0 | V20: 0 | W20: 0 | X20: 0 | Y20: 0 | Z20: 1 | AA20: 0 | AB20: 0 | AC20: 0 | AD20: 0 | AE20: 0 | AF20: 0 | AG20: 1 | AH20: 0 | AI20: 0 | AJ20: 0 | AK20: 0 | AL20: 0 | AM20: 0 | AN20: 0 | AO20: 0 | AP20: 1 | AQ20: 0 | AR20: 0 | AS20: 0 | AT20: 1 | AU20: 0 | AV20: 0 | AW20: 0 | AY20: Necromancer | BD20: 19
A21: Cultist | B21: Godblade | C21: Мили-DPS | D21: Cultist§Godblade | E21: 1 | F21: 0 | G21: 0 | H21: 0 | I21: 0 | J21: 0 | K21: 0 | L21: 0 | M21: 1 | N21: 1 | O21: 0 | P21: 0 | Q21: 0 | R21: 0 | S21: 0 | T21: 0 | U21: 0 | V21: 0 | W21: 0 | X21: 0 | Y21: 0 | Z21: 1 | AA21: 0 | AB21: 0 | AC21: 0 | AD21: 0 | AE21: 0 | AF21: 0 | AG21: 1 | AH21: 0 | AI21: 0 | AJ21: 0 | AK21: 0 | AL21: 0 | AM21: 0 | AN21: 1 | AO21: 0 | AP21: 0 | AQ21: 0 | AR21: 1 | AS21: 0 | AT21: 0 | AU21: 1 | AV21: 0 | AW21: 0 | AY21: Venomancer | BD21: 20
A22: Knight of Xoroth | B22: Hellfire | C22: Мили-DPS | D22: Knight of Xoroth§Hellfire | E22: 0 | F22: 0 | G22: 1 | H22: 1 | I22: 0 | J22: 0 | K22: 1 | L22: 0 | M22: 1 | N22: 0 | O22: 0 | P22: 0 | Q22: 0 | R22: 0 | S22: 0 | T22: 0 | U22: 1 | V22: 0 | W22: 1 | X22: 1 | Y22: 0 | Z22: 1 | AA22: 1 | AB22: 1 | AC22: 0 | AD22: 0 | AE22: 0 | AF22: 0 | AG22: 0 | AH22: 0 | AI22: 0 | AJ22: 0 | AK22: 0 | AL22: 0 | AM22: 0 | AN22: 0 | AO22: 1 | AP22: 0 | AQ22: 0 | AR22: 0 | AS22: 0 | AT22: 0 | AU22: 0 | AV22: 1 | AW22: 0 | AY22: Tinker | BD22: 21
A23: Knight of Xoroth | B23: War | C23: Мили-DPS | D23: Knight of Xoroth§War | E23: 0 | F23: 0 | G23: 1 | H23: 1 | I23: 0 | J23: 0 | K23: 0 | L23: 0 | M23: 1 | N23: 0 | O23: 0 | P23: 0 | Q23: 0 | R23: 0 | S23: 0 | T23: 1 | U23: 0 | V23: 0 | W23: 1 | X23: 1 | Y23: 0 | Z23: 1 | AA23: 1 | AB23: 1 | AC23: 0 | AD23: 0 | AE23: 0 | AF23: 0 | AG23: 0 | AH23: 0 | AI23: 0 | AJ23: 0 | AK23: 1 | AL23: 0 | AM23: 1 | AN23: 0 | AO23: 0 | AP23: 0 | AQ23: 0 | AR23: 0 | AS23: 0 | AT23: 0 | AU23: 1 | AV23: 0 | AW23: 0 | BD23: 22
A24: Knight of Xoroth | B24: Defiance | C24: Танк | D24: Knight of Xoroth§Defiance | E24: 0 | F24: 0 | G24: 1 | H24: 1 | I24: 0 | J24: 0 | K24: 0 | L24: 0 | M24: 1 | N24: 0 | O24: 0 | P24: 0 | Q24: 0 | R24: 0 | S24: 0 | T24: 0 | U24: 0 | V24: 0 | W24: 1 | X24: 1 | Y24: 0 | Z24: 1 | AA24: 1 | AB24: 1 | AC24: 0 | AD24: 0 | AE24: 0 | AF24: 0 | AG24: 0 | AH24: 0 | AI24: 0 | AJ24: 0 | AK24: 0 | AL24: 0 | AM24: 1 | AN24: 1 | AO24: 0 | AP24: 0 | AQ24: 0 | AR24: 1 | AS24: 1 | AT24: 0 | AU24: 0 | AV24: 0 | AW24: 0 | BD24: 23
A25: Guardian | B25: Vanguard | C25: Танк | D25: Guardian§Vanguard | E25: 0 | F25: 0 | G25: 0 | H25: 1 | I25: 0 | J25: 0 | K25: 0 | L25: 0 | M25: 0 | N25: 0 | O25: 0 | P25: 0 | Q25: 0 | R25: 0 | S25: 0 | T25: 0 | U25: 0 | V25: 0 | W25: 0 | X25: 0 | Y25: 1 | Z25: 0 | AA25: 0 | AB25: 0 | AC25: 1 | AD25: 0 | AE25: 0 | AF25: 0 | AG25: 0 | AH25: 0 | AI25: 0 | AJ25: 0 | AK25: 0 | AL25: 0 | AM25: 1 | AN25: 0 | AO25: 0 | AP25: 0 | AQ25: 0 | AR25: 1 | AS25: 1 | AT25: 0 | AU25: 0 | AV25: 0 | AW25: 0 | BD25: 24
A26: Guardian | B26: Gladiator | C26: Мили-DPS | D26: Guardian§Gladiator | E26: 0 | F26: 0 | G26: 0 | H26: 1 | I26: 0 | J26: 0 | K26: 1 | L26: 0 | M26: 0 | N26: 0 | O26: 0 | P26: 0 | Q26: 0 | R26: 0 | S26: 0 | T26: 0 | U26: 0 | V26: 0 | W26: 0 | X26: 0 | Y26: 1 | Z26: 0 | AA26: 0 | AB26: 0 | AC26: 0 | AD26: 0 | AE26: 0 | AF26: 0 | AG26: 0 | AH26: 0 | AI26: 0 | AJ26: 0 | AK26: 1 | AL26: 0 | AM26: 1 | AN26: 0 | AO26: 0 | AP26: 0 | AQ26: 0 | AR26: 0 | AS26: 0 | AT26: 0 | AU26: 1 | AV26: 0 | AW26: 0 | BD26: 25
A27: Guardian | B27: Inspiration | C27: Саппорт | D27: Guardian§Inspiration | E27: 0 | F27: 0 | G27: 0 | H27: 1 | I27: 0 | J27: 0 | K27: 0 | L27: 0 | M27: 0 | N27: 0 | O27: 0 | P27: 0 | Q27: 0 | R27: 0 | S27: 0 | T27: 0 | U27: 0 | V27: 0 | W27: 0 | X27: 0 | Y27: 1 | Z27: 0 | AA27: 0 | AB27: 0 | AC27: 0 | AD27: 0 | AE27: 0 | AF27: 0 | AG27: 0 | AH27: 1 | AI27: 0 | AJ27: 1 | AK27: 0 | AL27: 0 | AM27: 1 | AN27: 0 | AO27: 0 | AP27: 0 | AQ27: 1 | AR27: 0 | AS27: 0 | AT27: 0 | AU27: 0 | AV27: 0 | AW27: 0
A28: Starcaller | B28: Moon Priest | C28: Хилер | D28: Starcaller§Moon Priest | E28: 0 | F28: 0 | G28: 0 | H28: 0 | I28: 0 | J28: 0 | K28: 0 | L28: 0 | M28: 1 | N28: 0 | O28: 0 | P28: 0 | Q28: 0 | R28: 0 | S28: 1 | T28: 1 | U28: 0 | V28: 0 | W28: 0 | X28: 0 | Y28: 0 | Z28: 0 | AA28: 1 | AB28: 0 | AC28: 0 | AD28: 0 | AE28: 0 | AF28: 0 | AG28: 0 | AH28: 0 | AI28: 0 | AJ28: 0 | AK28: 0 | AL28: 0 | AM28: 0 | AN28: 0 | AO28: 0 | AP28: 0 | AQ28: 1 | AR28: 0 | AS28: 0 | AT28: 0 | AU28: 0 | AV28: 0 | AW28: 0
A29: Starcaller | B29: Warden | C29: Мили-DPS | D29: Starcaller§Warden | E29: 0 | F29: 0 | G29: 0 | H29: 0 | I29: 0 | J29: 0 | K29: 0 | L29: 0 | M29: 1 | N29: 0 | O29: 0 | P29: 0 | Q29: 0 | R29: 0 | S29: 1 | T29: 1 | U29: 0 | V29: 0 | W29: 0 | X29: 0 | Y29: 0 | Z29: 0 | AA29: 1 | AB29: 0 | AC29: 0 | AD29: 0 | AE29: 0 | AF29: 0 | AG29: 0 | AH29: 0 | AI29: 0 | AJ29: 0 | AK29: 0 | AL29: 0 | AM29: 0 | AN29: 0 | AO29: 0 | AP29: 0 | AQ29: 1 | AR29: 0 | AS29: 0 | AT29: 0 | AU29: 1 | AV29: 0 | AW29: 0
A30: Starcaller | B30: Sentinel | C30: Рейндж/кастер | D30: Starcaller§Sentinel | E30: 0 | F30: 0 | G30: 0 | H30: 0 | I30: 0 | J30: 0 | K30: 0 | L30: 1 | M30: 1 | N30: 0 | O30: 0 | P30: 0 | Q30: 0 | R30: 0 | S30: 1 | T30: 0 | U30: 0 | V30: 0 | W30: 0 | X30: 0 | Y30: 0 | Z30: 0 | AA30: 1 | AB30: 0 | AC30: 0 | AD30: 0 | AE30: 0 | AF30: 0 | AG30: 0 | AH30: 0 | AI30: 0 | AJ30: 0 | AK30: 0 | AL30: 0 | AM30: 0 | AN30: 1 | AO30: 0 | AP30: 0 | AQ30: 1 | AR30: 0 | AS30: 0 | AT30: 0 | AU30: 0 | AV30: 0 | AW30: 0
A31: Starcaller | B31: Moon Guard | C31: Танк | D31: Starcaller§Moon Guard | E31: 0 | F31: 0 | G31: 0 | H31: 0 | I31: 0 | J31: 0 | K31: 0 | L31: 0 | M31: 1 | N31: 0 | O31: 0 | P31: 0 | Q31: 0 | R31: 0 | S31: 1 | T31: 0 | U31: 0 | V31: 0 | W31: 0 | X31: 0 | Y31: 0 | Z31: 0 | AA31: 1 | AB31: 0 | AC31: 1 | AD31: 0 | AE31: 0 | AF31: 0 | AG31: 0 | AH31: 0 | AI31: 0 | AJ31: 0 | AK31: 0 | AL31: 0 | AM31: 0 | AN31: 1 | AO31: 0 | AP31: 0 | AQ31: 1 | AR31: 0 | AS31: 1 | AT31: 1 | AU31: 0 | AV31: 0 | AW31: 0
A32: Sun Cleric | B32: Blessings | C32: Хилер | D32: Sun Cleric§Blessings | E32: 1 | F32: 0 | G32: 0 | H32: 0 | I32: 0 | J32: 1 | K32: 0 | L32: 0 | M32: 0 | N32: 0 | O32: 1 | P32: 1 | Q32: 1 | R32: 0 | S32: 0 | T32: 0 | U32: 0 | V32: 0 | W32: 0 | X32: 0 | Y32: 0 | Z32: 0 | AA32: 0 | AB32: 1 | AC32: 0 | AD32: 0 | AE32: 0 | AF32: 0 | AG32: 0 | AH32: 0 | AI32: 0 | AJ32: 0 | AK32: 0 | AL32: 0 | AM32: 0 | AN32: 0 | AO32: 0 | AP32: 0 | AQ32: 1 | AR32: 0 | AS32: 0 | AT32: 0 | AU32: 0 | AV32: 0 | AW32: 0
A33: Sun Cleric | B33: Valkyrie | C33: Мили-DPS | D33: Sun Cleric§Valkyrie | E33: 1 | F33: 0 | G33: 0 | H33: 0 | I33: 0 | J33: 1 | K33: 0 | L33: 0 | M33: 0 | N33: 0 | O33: 1 | P33: 0 | Q33: 1 | R33: 0 | S33: 0 | T33: 0 | U33: 1 | V33: 0 | W33: 0 | X33: 0 | Y33: 0 | Z33: 0 | AA33: 0 | AB33: 1 | AC33: 0 | AD33: 0 | AE33: 0 | AF33: 0 | AG33: 0 | AH33: 0 | AI33: 0 | AJ33: 0 | AK33: 0 | AL33: 0 | AM33: 0 | AN33: 0 | AO33: 0 | AP33: 0 | AQ33: 1 | AR33: 0 | AS33: 1 | AT33: 0 | AU33: 0 | AV33: 0 | AW33: 0
A34: Sun Cleric | B34: Piety | C34: Рейндж/кастер | D34: Sun Cleric§Piety | E34: 1 | F34: 0 | G34: 0 | H34: 0 | I34: 0 | J34: 1 | K34: 0 | L34: 0 | M34: 0 | N34: 0 | O34: 1 | P34: 0 | Q34: 1 | R34: 1 | S34: 0 | T34: 0 | U34: 0 | V34: 0 | W34: 0 | X34: 0 | Y34: 0 | Z34: 0 | AA34: 0 | AB34: 1 | AC34: 0 | AD34: 0 | AE34: 0 | AF34: 0 | AG34: 0 | AH34: 0 | AI34: 0 | AJ34: 0 | AK34: 0 | AL34: 0 | AM34: 0 | AN34: 0 | AO34: 0 | AP34: 1 | AQ34: 1 | AR34: 0 | AS34: 0 | AT34: 1 | AU34: 0 | AV34: 0 | AW34: 0
A35: Sun Cleric | B35: Seraphim | C35: Танк | D35: Sun Cleric§Seraphim | E35: 1 | F35: 0 | G35: 0 | H35: 0 | I35: 0 | J35: 1 | K35: 0 | L35: 0 | M35: 0 | N35: 0 | O35: 1 | P35: 0 | Q35: 1 | R35: 0 | S35: 0 | T35: 0 | U35: 0 | V35: 0 | W35: 0 | X35: 0 | Y35: 0 | Z35: 0 | AA35: 0 | AB35: 1 | AC35: 0 | AD35: 1 | AE35: 0 | AF35: 0 | AG35: 0 | AH35: 0 | AI35: 1 | AJ35: 0 | AK35: 0 | AL35: 0 | AM35: 0 | AN35: 0 | AO35: 0 | AP35: 0 | AQ35: 0 | AR35: 0 | AS35: 1 | AT35: 1 | AU35: 0 | AV35: 0 | AW35: 1
A36: Templar | B36: Zealot | C36: Мили-DPS | D36: Templar§Zealot | E36: 1 | F36: 0 | G36: 0 | H36: 0 | I36: 1 | J36: 0 | K36: 0 | L36: 1 | M36: 0 | N36: 0 | O36: 0 | P36: 0 | Q36: 0 | R36: 0 | S36: 0 | T36: 0 | U36: 0 | V36: 0 | W36: 0 | X36: 0 | Y36: 0 | Z36: 0 | AA36: 0 | AB36: 0 | AC36: 0 | AD36: 0 | AE36: 0 | AF36: 0 | AG36: 0 | AH36: 0 | AI36: 0 | AJ36: 0 | AK36: 0 | AL36: 0 | AM36: 1 | AN36: 0 | AO36: 0 | AP36: 0 | AQ36: 0 | AR36: 0 | AS36: 0 | AT36: 0 | AU36: 0 | AV36: 0 | AW36: 0
A37: Templar | B37: Crusader | C37: Мили-DPS | D37: Templar§Crusader | E37: 1 | F37: 0 | G37: 0 | H37: 0 | I37: 1 | J37: 0 | K37: 0 | L37: 0 | M37: 0 | N37: 0 | O37: 0 | P37: 0 | Q37: 0 | R37: 0 | S37: 0 | T37: 0 | U37: 1 | V37: 0 | W37: 0 | X37: 0 | Y37: 0 | Z37: 0 | AA37: 0 | AB37: 0 | AC37: 0 | AD37: 0 | AE37: 0 | AF37: 0 | AG37: 0 | AH37: 0 | AI37: 0 | AJ37: 0 | AK37: 0 | AL37: 0 | AM37: 0 | AN37: 0 | AO37: 0 | AP37: 0 | AQ37: 0 | AR37: 1 | AS37: 0 | AT37: 0 | AU37: 0 | AV37: 0 | AW37: 0
A38: Templar | B38: Oathkeeper | C38: Танк | D38: Templar§Oathkeeper | E38: 1 | F38: 0 | G38: 0 | H38: 0 | I38: 1 | J38: 0 | K38: 1 | L38: 0 | M38: 0 | N38: 0 | O38: 0 | P38: 0 | Q38: 0 | R38: 0 | S38: 0 | T38: 0 | U38: 0 | V38: 0 | W38: 0 | X38: 0 | Y38: 0 | Z38: 0 | AA38: 0 | AB38: 0 | AC38: 0 | AD38: 1 | AE38: 0 | AF38: 0 | AG38: 0 | AH38: 0 | AI38: 1 | AJ38: 0 | AK38: 0 | AL38: 0 | AM38: 0 | AN38: 0 | AO38: 0 | AP38: 0 | AQ38: 0 | AR38: 0 | AS38: 0 | AT38: 1 | AU38: 0 | AV38: 1 | AW38: 0
... A71: Tinker | B71: Invention | C71: Хилер | D71: Tinker§Invention | E71: 0 | F71: 0 | G71: 0 | H71: 0 | I71: 0 | J71: 1 | K71: 0 | L71: 0 | M71: 0 | N71: 0 | O71: 0 | P71: 1 | Q71: 1 | R71: 0 | S71: 1 | T71: 0 | U71: 0 | V71: 0 | W71: 0 | X71: 0 | Y71: 0 | Z71: 0 | AA71: 0 | AB71: 0 | AC71: 1 | AD71: 1 | AE71: 1 | AF71: 1 | AG71: 0 | AH71: 0 | AI71: 0 | AJ71: 0 | AK71: 0 | AL71: 0 | AM71: 0 | AN71: 0 | AO71: 0 | AP71: 0 | AQ71: 0 | AR71: 0 | AS71: 0 | AT71: 0 | AU71: 0 | AV71: 0 | AW71: 0

Sheet ТЕХ_Расчет
A1: Ключ состава | B1: Кол-во | C1: Роль | D1: Эффекты →
A2: =IF(OR('РЕЙД-КОНСТРУКТОР'!C6="",'РЕЙД-КОНСТРУКТОР'!D6=""),"",'РЕЙД-КОНСТРУКТОР'!C6&"§"&'РЕЙД-КОНСТРУКТОР'!D6) | B2: =IF(A2="",0,IF('РЕЙД-КОНСТРУКТОР'!F6="",1,'РЕЙД-КОНСТРУКТОР'!F6)) -> 0 | C2: ='РЕЙД-КОНСТРУКТОР'!E6 -> 0 | D2: =IFERROR(INDEX(ТЕХ_Списки!$E$2:$E$71,MATCH($A2,ТЕХ_Списки!$D$2:$D$71,0)),0) -> 0 | E2: =IFERROR(INDEX(ТЕХ_Списки!$F$2:$F$71,MATCH($A2,ТЕХ_Списки!$D$2:$D$71,0)),0) -> 0 | F2: =IFERROR(INDEX(ТЕХ_Списки!$G$2:$G$71,MATCH($A2,ТЕХ_Списки!$D$2:$D$71,0)),0) -> 0 | G2: =IFERROR(INDEX(ТЕХ_Списки!$H$2:$H$71,MATCH($A2,ТЕХ_Списки!$D$2:$D$71,0)),0) -> 0 | H2: =IFERROR(INDEX(ТЕХ_Списки!$I$2:$I$71,MATCH($A2,ТЕХ_Списки!$D$2:$D$71,0)),0) -> 0 | I2: =IFERROR(INDEX(ТЕХ_Списки!$J$2:$J$71,MATCH($A2,ТЕХ_Списки!$D$2:$D$71,0)),0) -> 0 | J2: =IFERROR(INDEX(ТЕХ_Списки!$K$2:$K$71,MATCH($A2,ТЕХ_Списки!$D$2:$D$71,0)),0) -> 0 | K2: =IFERROR(INDEX(ТЕХ_Списки!$L$2:$L$71,MATCH($A2,ТЕХ_Списки!$D$2:$D$71,0)),0) -> 0 | L2: =IFERROR(INDEX(ТЕХ_Списки!$M$2:$M$71,MATCH($A2,ТЕХ_Списки!$D$2:$D$71,0)),0) -> 0 | M2: =IFERROR(INDEX(ТЕХ_Списки!$N$2:$N$71,MATCH($A2,ТЕХ_Списки!$D$2:$D$71,0)),0) -> 0 | N2: =IFERROR(INDEX(ТЕХ_Списки!$O$2:$O$71,MATCH($A2,ТЕХ_Списки!$D$2:$D$71,0)),0) -> 0 | O2: =IFERROR(INDEX(ТЕХ_Списки!$P$2:$P$71,MATCH($A2,ТЕХ_Списки!$D$2:$D$71,0)),0) -> 0 | P2: =IFERROR(INDEX(ТЕХ_Списки!$Q$2:$Q$71,MATCH($A2,ТЕХ_Списки!$D$2:$D$71,0)),0) -> 0 | Q2: =IFERROR(INDEX(ТЕХ_Списки!$R$2:$R$71,MATCH($A2,ТЕХ_Списки!$D$2:$D$71,0)),0) -> 0 | R2: =IFERROR(INDEX(ТЕХ_Списки!$S$2:$S$71,MATCH($A2,ТЕХ_Списки!$D$2:$D$71,0)),0) -> 0 | S2: =IFERROR(INDEX(ТЕХ_Списки!$T$2:$T$71,MATCH($A2,ТЕХ_Списки!$D$2:$D$71,0)),0) -> 0 | T2: =IFERROR(INDEX(ТЕХ_Списки!$U$2:$U$71,MATCH($A2,ТЕХ_Списки!$D$2:$D$71,0)),0) -> 0 | U2: =IFERROR(INDEX(ТЕХ_Списки!$V$2:$V$71,MATCH($A2,ТЕХ_Списки!$D$2:$D$71,0)),0) -> 0 | V2: =IFERROR(INDEX(ТЕХ_Списки!$W$2:$W$71,MATCH($A2,ТЕХ_Списки!$D$2:$D$71,0)),0) -> 0 | W2: =IFERROR(INDEX(ТЕХ_Списки!$X$2:$X$71,MATCH($A2,ТЕХ_Списки!$D$2:$D$71,0)),0) -> 0 | X2: =IFERROR(INDEX(ТЕХ_Списки!$Y$2:$Y$71,MATCH($A2,ТЕХ_Списки!$D$2:$D$71,0)),0) -> 0 | Y2: =IFERROR(INDEX(ТЕХ_Списки!$Z$2:$Z$71,MATCH($A2,ТЕХ_Списки!$D$2:$D$71,0)),0) -> 0 | Z2: =IFERROR(INDEX(ТЕХ_Списки!$AA$2:$AA$71,MATCH($A2,ТЕХ_Списки!$D$2:$D$71,0)),0) -> 0 | AA2: =IFERROR(INDEX(ТЕХ_Списки!$AB$2:$AB$71,MATCH($A2,ТЕХ_Списки!$D$2:$D$71,0)),0) -> 0 | AB2: =IFERROR(INDEX(ТЕХ_Списки!$AC$2:$AC$71,MATCH($A2,ТЕХ_Списки!$D$2:$D$71,0)),0) -> 0 | AC2: =IFERROR(INDEX(ТЕХ_Списки!$AD$2:$AD$71,MATCH($A2,ТЕХ_Списки!$D$2:$D$71,0)),0) -> 0 | AD2: =IFERROR(INDEX(ТЕХ_Списки!$AE$2:$AE$71,MATCH($A2,ТЕХ_Списки!$D$2:$D$71,0)),0) -> 0 | AE2: =IFERROR(INDEX(ТЕХ_Списки!$AF$2:$AF$71,MATCH($A2,ТЕХ_Списки!$D$2:$D$71,0)),0) -> 0 | AF2: =IFERROR(INDEX(ТЕХ_Списки!$AG$2:$AG$71,MATCH($A2,ТЕХ_Списки!$D$2:$D$71,0)),0) -> 0 | AG2: =IFERROR(INDEX(ТЕХ_Списки!$AH$2:$AH$71,MATCH($A2,ТЕХ_Списки!$D$2:$D$71,0)),0) -> 0 | AH2: =IFERROR(INDEX(ТЕХ_Списки!$AI$2:$AI$71,MATCH($A2,ТЕХ_Списки!$D$2:$D$71,0)),0) -> 0 | AI2: =IFERROR(INDEX(ТЕХ_Списки!$AJ$2:$AJ$71,MATCH($A2,ТЕХ_Списки!$D$2:$D$71,0)),0) -> 0 | AJ2: =IFERROR(INDEX(ТЕХ_Списки!$AK$2:$AK$71,MATCH($A2,ТЕХ_Списки!$D$2:$D$71,0)),0) -> 0 | AK2: =IFERROR(INDEX(ТЕХ_Списки!$AL$2:$AL$71,MATCH($A2,ТЕХ_Списки!$D$2:$D$71,0)),0) -> 0 | AL2: =IFERROR(INDEX(ТЕХ_Списки!$AM$2:$AM$71,MATCH($A2,ТЕХ_Списки!$D$2:$D$71,0)),0) -> 0 | AM2: =IFERROR(INDEX(ТЕХ_Списки!$AN$2:$AN$71,MATCH($A2,ТЕХ_Списки!$D$2:$D$71,0)),0) -> 0 | AN2: =IFERROR(INDEX(ТЕХ_Списки!$AO$2:$AO$71,MATCH($A2,ТЕХ_Списки!$D$2:$D$71,0)),0) -> 0 | AO2: =IFERROR(INDEX(ТЕХ_Списки!$AP$2:$AP$71,MATCH($A2,ТЕХ_Списки!$D$2:$D$71,0)),0) -> 0 | AP2: =IFERROR(INDEX(ТЕХ_Списки!$AQ$2:$AQ$71,MATCH($A2,ТЕХ_Списки!$D$2:$D$71,0)),0) -> 0 | AQ2: =IFERROR(INDEX(ТЕХ_Списки!$AR$2:$AR$71,MATCH($A2,ТЕХ_Списки!$D$2:$D$71,0)),0) -> 0 | AR2: =IFERROR(INDEX(ТЕХ_Списки!$AS$2:$AS$71,MATCH($A2,ТЕХ_Списки!$D$2:$D$71,0)),0) -> 0 | AS2: =IFERROR(INDEX(ТЕХ_Списки!$AT$2:$AT$71,MATCH($A2,ТЕХ_Списки!$D$2:$D$71,0)),0) -> 0 | AT2: =IFERROR(INDEX(ТЕХ_Списки!$AU$2:$AU$71,MATCH($A2,ТЕХ_Списки!$D$2:$D$71,0)),0) -> 0 | AU2: =IFERROR(INDEX(ТЕХ_Списки!$AV$2:$AV$71,MATCH($A2,ТЕХ_Списки!$D$2:$D$71,0)),0) -> 0 | AV2: =IFERROR(INDEX(ТЕХ_Списки!$AW$2:$AW$71,MATCH($A2,ТЕХ_Списки!$D$2:$D$71,0)),0) -> 0
A3: =IF(OR('РЕЙД-КОНСТРУКТОР'!C7="",'РЕЙД-КОНСТРУКТОР'!D7=""),"",'РЕЙД-КОНСТРУКТОР'!C7&"§"&'РЕЙД-КОНСТРУКТОР'!D7) | B3: =IF(A3="",0,IF('РЕЙД-КОНСТРУКТОР'!F7="",1,'РЕЙД-КОНСТРУКТОР'!F7)) -> 0 | C3: ='РЕЙД-КОНСТРУКТОР'!E7 -> 0 | D3: =IFERROR(INDEX(ТЕХ_Списки!$E$2:$E$71,MATCH($A3,ТЕХ_Списки!$D$2:$D$71,0)),0) -> 0 | E3: =IFERROR(INDEX(ТЕХ_Списки!$F$2:$F$71,MATCH($A3,ТЕХ_Списки!$D$2:$D$71,0)),0) -> 0 | F3: =IFERROR(INDEX(ТЕХ_Списки!$G$2:$G$71,MATCH($A3,ТЕХ_Списки!$D$2:$D$71,0)),0) -> 0 | G3: =IFERROR(INDEX(ТЕХ_Списки!$H$2:$H$71,MATCH($A3,ТЕХ_Списки!$D$2:$D$71,0)),0) -> 0 | H3: =IFERROR(INDEX(ТЕХ_Списки!$I$2:$I$71,MATCH($A3,ТЕХ_Списки!$D$2:$D$71,0)),0) -> 0 | I3: =IFERROR(INDEX(ТЕХ_Списки!$J$2:$J$71,MATCH($A3,ТЕХ_Списки!$D$2:$D$71,0)),0) -> 0 | J3: =IFERROR(INDEX(ТЕХ_Списки!$K$2:$K$71,MATCH($A3,ТЕХ_Списки!$D$2:$D$71,0)),0) -> 0 | K3: =IFERROR(INDEX(ТЕХ_Списки!$L$2:$L$71,MATCH($A3,ТЕХ_Списки!$D$2:$D$71,0)),0) -> 0 | L3: =IFERROR(INDEX(ТЕХ_Списки!$M$2:$M$71,MATCH($A3,ТЕХ_Списки!$D$2:$D$71,0)),0) -> 0 | M3: =IFERROR(INDEX(ТЕХ_Списки!$N$2:$N$71,MATCH($A3,ТЕХ_Списки!$D$2:$D$71,0)),0) -> 0 | N3: =IFERROR(INDEX(ТЕХ_Списки!$O$2:$O$71,MATCH($A3,ТЕХ_Списки!$D$2:$D$71,0)),0) -> 0 | O3: =IFERROR(INDEX(ТЕХ_Списки!$P$2:$P$71,MATCH($A3,ТЕХ_Списки!$D$2:$D$71,0)),0) -> 0 | P3: =IFERROR(INDEX(ТЕХ_Списки!$Q$2:$Q$71,MATCH($A3,ТЕХ_Списки!$D$2:$D$71,0)),0) -> 0 | Q3: =IFERROR(INDEX(ТЕХ_Списки!$R$2:$R$71,MATCH($A3,ТЕХ_Списки!$D$2:$D$71,0)),0) -> 0 | R3: =IFERROR(INDEX(ТЕХ_Списки!$S$2:$S$71,MATCH($A3,ТЕХ_Списки!$D$2:$D$71,0)),0) -> 0 | S3: =IFERROR(INDEX(ТЕХ_Списки!$T$2:$T$71,MATCH($A3,ТЕХ_Списки!$D$2:$D$71,0)),0) -> 0 | T3: =IFERROR(INDEX(ТЕХ_Списки!$U$2:$U$71,MATCH($A3,ТЕХ_Списки!$D$2:$D$71,0)),0) -> 0 | U3: =IFERROR(INDEX(ТЕХ_Списки!$V$2:$V$71,MATCH($A3,ТЕХ_Списки!$D$2:$D$71,0)),0) -> 0 | V3: =IFERROR(INDEX(ТЕХ_Списки!$W$2:$W$71,MATCH($A3,ТЕХ_Списки!$D$2:$D$71,0)),0) -> 0 | W3: =IFERROR(INDEX(ТЕХ_Списки!$X$2:$X$71,MATCH($A3,ТЕХ_Списки!$D$2:$D$71,0)),0) -> 0 | X3: =IFERROR(INDEX(ТЕХ_Списки!$Y$2:$Y$71,MATCH($A3,ТЕХ_Списки!$D$2:$D$71,0)),0) -> 0 | Y3: =IFERROR(INDEX(ТЕХ_Списки!$Z$2:$Z$71,MATCH($A3,ТЕХ_Списки!$D$2:$D$71,0)),0) -> 0 | Z3: =IFERROR(INDEX(ТЕХ_Списки!$AA$2:$AA$71,MATCH($A3,ТЕХ_Списки!$D$2:$D$71,0)),0) -> 0 | AA3: =IFERROR(INDEX(ТЕХ_Списки!$AB$2:$AB$71,MATCH($A3,ТЕХ_Списки!$D$2:$D$71,0)),0) -> 0 | AB3: =IFERROR(INDEX(ТЕХ_Списки!$AC$2:$AC$71,MATCH($A3,ТЕХ_Списки!$D$2:$D$71,0)),0) -> 0 | AC3: =IFERROR(INDEX(ТЕХ_Списки!$AD$2:$AD$71,MATCH($A3,ТЕХ_Списки!$D$2:$D$71,0)),0) -> 0 | AD3: =IFERROR(INDEX(ТЕХ_Списки!$AE$2:$AE$71,MATCH($A3,ТЕХ_Списки!$D$2:$D$71,0)),0) -> 0 | AE3: =IFERROR(INDEX(ТЕХ_Списки!$AF$2:$AF$71,MATCH($A3,ТЕХ_Списки!$D$2:$D$71,0)),0) -> 0 | AF3: =IFERROR(INDEX(ТЕХ_Списки!$AG$2:$AG$71,MATCH($A3,ТЕХ_Списки!$D$2:$D$71,0)),0) -> 0 | AG3: =IFERROR(INDEX(ТЕХ_Списки!$AH$2:$AH$71,MATCH($A3,ТЕХ_Списки!$D$2:$D$71,0)),0) -> 0 | AH3: =IFERROR(INDEX(ТЕХ_Списки!$AI$2:$AI$71,MATCH($A3,ТЕХ_Списки!$D$2:$D$71,0)),0) -> 0 | AI3: =IFERROR(INDEX(ТЕХ_Списки!$AJ$2:$AJ$71,MATCH($A3,ТЕХ_Списки!$D$2:$D$71,0)),0) -> 0 | AJ3: =IFERROR(INDEX(ТЕХ_Списки!$AK$2:$AK$71,MATCH($A3,ТЕХ_Списки!$D$2:$D$71,0)),0) -> 0 | AK3: =IFERROR(INDEX(ТЕХ_Списки!$AL$2:$AL$71,MATCH($A3,ТЕХ_Списки!$D$2:$D$71,0)),0) -> 0 | AL3: =IFERROR(INDEX(ТЕХ_Списки!$AM$2:$AM$71,MATCH($A3,ТЕХ_Списки!$D$2:$D$71,0)),0) -> 0 | AM3: =IFERROR(INDEX(ТЕХ_Списки!$AN$2:$AN$71,MATCH($A3,ТЕХ_Списки!$D$2:$D$71,0)),0) -> 0 | AN3: =IFERROR(INDEX(ТЕХ_Списки!$AO$2:$AO$71,MATCH($A3,ТЕХ_Списки!$D$2:$D$71,0)),0) -> 0 | AO3: =IFERROR(INDEX(ТЕХ_Списки!$AP$2:$AP$71,MATCH($A3,ТЕХ_Списки!$D$2:$D$71,0)),0) -> 0 | AP3: =IFERROR(INDEX(ТЕХ_Списки!$AQ$2:$AQ$71,MATCH($A3,ТЕХ_Списки!$D$2:$D$71,0)),0) -> 0 | AQ3: =IFERROR(INDEX(ТЕХ_Списки!$AR$2:$AR$71,MATCH($A3,ТЕХ_Списки!$D$2:$D$71,0)),0) -> 0 | AR3: =IFERROR(INDEX(ТЕХ_Списки!$AS$2:$AS$71,MATCH($A3,ТЕХ_Списки!$D$2:$D$71,0)),0) -> 0 | AS3: =IFERROR(INDEX(ТЕХ_Списки!$AT$2:$AT$71,MATCH($A3,ТЕХ_Списки!$D$2:$D$71,0)),0) -> 0 | AT3: =IFERROR(INDEX(ТЕХ_Списки!$AU$2:$AU$71,MATCH($A3,ТЕХ_Списки!$D$2:$D$71,0)),0) -> 0 | AU3: =IFERROR(INDEX(ТЕХ_Списки!$AV$2:$AV$71,MATCH($A3,ТЕХ_Списки!$D$2:$D$71,0)),0) -> 0 | AV3: =IFERROR(INDEX(ТЕХ_Списки!$AW$2:$AW$71,MATCH($A3,ТЕХ_Списки!$D$2:$D$71,0)),0) -> 0
A4: =IF(OR('РЕЙД-КОНСТРУКТОР'!C8="",'РЕЙД-КОНСТРУКТОР'!D8=""),"",'РЕЙД-КОНСТРУКТОР'!C8&"§"&'РЕЙД-КОНСТРУКТОР'!D8) | B4: =IF(A4="",0,IF('РЕЙД-КОНСТРУКТОР'!F8="",1,'РЕЙД-КОНСТРУКТОР'!F8)) -> 0 | C4: ='РЕЙД-КОНСТРУКТОР'!E8 -> 0 | D4: =IFERROR(INDEX(ТЕХ_Списки!$E$2:$E$71,MATCH($A4,ТЕХ_Списки!$D$2:$D$71,0)),0) -> 0 | E4: =IFERROR(INDEX(ТЕХ_Списки!$F$2:$F$71,MATCH($A4,ТЕХ_Списки!$D$2:$D$71,0)),0) -> 0 | F4: =IFERROR(INDEX(ТЕХ_Списки!$G$2:$G$71,MATCH($A4,ТЕХ_Списки!$D$2:$D$71,0)),0) -> 0 | G4: =IFERROR(INDEX(ТЕХ_Списки!$H$2:$H$71,MATCH($A4,ТЕХ_Списки!$D$2:$D$71,0)),0) -> 0 | H4: =IFERROR(INDEX(ТЕХ_Списки!$I$2:$I$71,MATCH($A4,ТЕХ_Списки!$D$2:$D$71,0)),0) -> 0 | I4: =IFERROR(INDEX(ТЕХ_Списки!$J$2:$J$71,MATCH($A4,ТЕХ_Списки!$D$2:$D$71,0)),0) -> 0 | J4: =IFERROR(INDEX(ТЕХ_Списки!$K$2:$K$71,MATCH($A4,ТЕХ_Списки!$D$2:$D$71,0)),0) -> 0 | K4: =IFERROR(INDEX(ТЕХ_Списки!$L$2:$L$71,MATCH($A4,ТЕХ_Списки!$D$2:$D$71,0)),0) -> 0 | L4: =IFERROR(INDEX(ТЕХ_Списки!$M$2:$M$71,MATCH($A4,ТЕХ_Списки!$D$2:$D$71,0)),0) -> 0 | M4: =IFERROR(INDEX(ТЕХ_Списки!$N$2:$N$71,MATCH($A4,ТЕХ_Списки!$D$2:$D$71,0)),0) -> 0 | N4: =IFERROR(INDEX(ТЕХ_Списки!$O$2:$O$71,MATCH($A4,ТЕХ_Списки!$D$2:$D$71,0)),0) -> 0 | O4: =IFERROR(INDEX(ТЕХ_Списки!$P$2:$P$71,MATCH($A4,ТЕХ_Списки!$D$2:$D$71,0)),0) -> 0 | P4: =IFERROR(INDEX(ТЕХ_Списки!$Q$2:$Q$71,MATCH($A4,ТЕХ_Списки!$D$2:$D$71,0)),0) -> 0 | Q4: =IFERROR(INDEX(ТЕХ_Списки!$R$2:$R$71,MATCH($A4,ТЕХ_Списки!$D$2:$D$71,0)),0) -> 0 | R4: =IFERROR(INDEX(ТЕХ_Списки!$S$2:$S$71,MATCH($A4,ТЕХ_Списки!$D$2:$D$71,0)),0) -> 0 | S4: =IFERROR(INDEX(ТЕХ_Списки!$T$2:$T$71,MATCH($A4,ТЕХ_Списки!$D$2:$D$71,0)),0) -> 0 | T4: =IFERROR(INDEX(ТЕХ_Списки!$U$2:$U$71,MATCH($A4,ТЕХ_Списки!$D$2:$D$71,0)),0) -> 0 | U4: =IFERROR(INDEX(ТЕХ_Списки!$V$2:$V$71,MATCH($A4,ТЕХ_Списки!$D$2:$D$71,0)),0) -> 0 | V4: =IFERROR(INDEX(ТЕХ_Списки!$W$2:$W$71,MATCH($A4,ТЕХ_Списки!$D$2:$D$71,0)),0) -> 0 | W4: =IFERROR(INDEX(ТЕХ_Списки!$X$2:$X$71,MATCH($A4,ТЕХ_Списки!$D$2:$D$71,0)),0) -> 0 | X4: =IFERROR(INDEX(ТЕХ_Списки!$Y$2:$Y$71,MATCH($A4,ТЕХ_Списки!$D$2:$D$71,0)),0) -> 0 | Y4: =IFERROR(INDEX(ТЕХ_Списки!$Z$2:$Z$71,MATCH($A4,ТЕХ_Списки!$D$2:$D$71,0)),0) -> 0 | Z4: =IFERROR(INDEX(ТЕХ_Списки!$AA$2:$AA$71,MATCH($A4,ТЕХ_Списки!$D$2:$D$71,0)),0) -> 0 | AA4: =IFERROR(INDEX(ТЕХ_Списки!$AB$2:$AB$71,MATCH($A4,ТЕХ_Списки!$D$2:$D$71,0)),0) -> 0 | AB4: =IFERROR(INDEX(ТЕХ_Списки!$AC$2:$AC$71,MATCH($A4,ТЕХ_Списки!$D$2:$D$71,0)),0) -> 0 | AC4: =IFERROR(INDEX(ТЕХ_Списки!$AD$2:$AD$71,MATCH($A4,ТЕХ_Списки!$D$2:$D$71,0)),0) -> 0 | AD4: =IFERROR(INDEX(ТЕХ_Списки!$AE$2:$AE$71,MATCH($A4,ТЕХ_Списки!$D$2:$D$71,0)),0) -> 0 | AE4: =IFERROR(INDEX(ТЕХ_Списки!$AF$2:$AF$71,MATCH($A4,ТЕХ_Списки!$D$2:$D$71,0)),0) -> 0 | AF4: =IFERROR(INDEX(ТЕХ_Списки!$AG$2:$AG$71,MATCH($A4,ТЕХ_Списки!$D$2:$D$71,0)),0) -> 0 | AG4: =IFERROR(INDEX(ТЕХ_Списки!$AH$2:$AH$71,MATCH($A4,ТЕХ_Списки!$D$2:$D$71,0)),0) -> 0 | AH4: =IFERROR(INDEX(ТЕХ_Списки!$AI$2:$AI$71,MATCH($A4,ТЕХ_Списки!$D$2:$D$71,0)),0) -> 0 | AI4: =IFERROR(INDEX(ТЕХ_Списки!$AJ$2:$AJ$71,MATCH($A4,ТЕХ_Списки!$D$2:$D$71,0)),0) -> 0 | AJ4: =IFERROR(INDEX(ТЕХ_Списки!$AK$2:$AK$71,MATCH($A4,ТЕХ_Списки!$D$2:$D$71,0)),0) -> 0 | AK4: =IFERROR(INDEX(ТЕХ_Списки!$AL$2:$AL$71,MATCH($A4,ТЕХ_Списки!$D$2:$D$71,0)),0) -> 0 | AL4: =IFERROR(INDEX(ТЕХ_Списки!$AM$2:$AM$71,MATCH($A4,ТЕХ_Списки!$D$2:$D$71,0)),0) -> 0 | AM4: =IFERROR(INDEX(ТЕХ_Списки!$AN$2:$AN$71,MATCH($A4,ТЕХ_Списки!$D$2:$D$71,0)),0) -> 0 | AN4: =IFERROR(INDEX(ТЕХ_Списки!$AO$2:$AO$71,MATCH($A4,ТЕХ_Списки!$D$2:$D$71,0)),0) -> 0 | AO4: =IFERROR(INDEX(ТЕХ_Списки!$AP$2:$AP$71,MATCH($A4,ТЕХ_Списки!$D$2:$D$71,0)),0) -> 0 | AP4: =IFERROR(INDEX(ТЕХ_Списки!$AQ$2:$AQ$71,MATCH($A4,ТЕХ_Списки!$D$2:$D$71,0)),0) -> 0 | AQ4: =IFERROR(INDEX(ТЕХ_Списки!$AR$2:$AR$71,MATCH($A4,ТЕХ_Списки!$D$2:$D$71,0)),0) -> 0 | AR4: =IFERROR(INDEX(ТЕХ_Списки!$AS$2:$AS$71,MATCH($A4,ТЕХ_Списки!$D$2:$D$71,0)),0) -> 0 | AS4: =IFERROR(INDEX(ТЕХ_Списки!$AT$2:$AT$71,MATCH($A4,ТЕХ_Списки!$D$2:$D$71,0)),0) -> 0 | AT4: =IFERROR(INDEX(ТЕХ_Списки!$AU$2:$AU$71,MATCH($A4,ТЕХ_Списки!$D$2:$D$71,0)),0) -> 0 | AU4: =IFERROR(INDEX(ТЕХ_Списки!$AV$2:$AV$71,MATCH($A4,ТЕХ_Списки!$D$2:$D$71,0)),0) -> 0 | AV4: =IFERROR(INDEX(ТЕХ_Списки!$AW$2:$AW$71,MATCH($A4,ТЕХ_Списки!$D$2:$D$71,0)),0) -> 0
A5: =IF(OR('РЕЙД-КОНСТРУКТОР'!C9="",'РЕЙД-КОНСТРУКТОР'!D9=""),"",'РЕЙД-КОНСТРУКТОР'!C9&"§"&'РЕЙД-КОНСТРУКТОР'!D9) | B5: =IF(A5="",0,IF('РЕЙД-КОНСТРУКТОР'!F9="",1,'РЕЙД-КОНСТРУКТОР'!F9)) -> 0 | C5: ='РЕЙД-КОНСТРУКТОР'!E9 -> 0 | D5: =IFERROR(INDEX(ТЕХ_Списки!$E$2:$E$71,MATCH($A5,ТЕХ_Списки!$D$2:$D$71,0)),0) -> 0 | E5: =IFERROR(INDEX(ТЕХ_Списки!$F$2:$F$71,MATCH($A5,ТЕХ_Списки!$D$2:$D$71,0)),0) -> 0 | F5: =IFERROR(INDEX(ТЕХ_Списки!$G$2:$G$71,MATCH($A5,ТЕХ_Списки!$D$2:$D$71,0)),0) -> 0 | G5: =IFERROR(INDEX(ТЕХ_Списки!$H$2:$H$71,MATCH($A5,ТЕХ_Списки!$D$2:$D$71,0)),0) -> 0 | H5: =IFERROR(INDEX(ТЕХ_Списки!$I$2:$I$71,MATCH($A5,ТЕХ_Списки!$D$2:$D$71,0)),0) -> 0 | I5: =IFERROR(INDEX(ТЕХ_Списки!$J$2:$J$71,MATCH($A5,ТЕХ_Списки!$D$2:$D$71,0)),0) -> 0 | J5: =IFERROR(INDEX(ТЕХ_Списки!$K$2:$K$71,MATCH($A5,ТЕХ_Списки!$D$2:$D$71,0)),0) -> 0 | K5: =IFERROR(INDEX(ТЕХ_Списки!$L$2:$L$71,MATCH($A5,ТЕХ_Списки!$D$2:$D$71,0)),0) -> 0 | L5: =IFERROR(INDEX(ТЕХ_Списки!$M$2:$M$71,MATCH($A5,ТЕХ_Списки!$D$2:$D$71,0)),0) -> 0 | M5: =IFERROR(INDEX(ТЕХ_Списки!$N$2:$N$71,MATCH($A5,ТЕХ_Списки!$D$2:$D$71,0)),0) -> 0 | N5: =IFERROR(INDEX(ТЕХ_Списки!$O$2:$O$71,MATCH($A5,ТЕХ_Списки!$D$2:$D$71,0)),0) -> 0 | O5: =IFERROR(INDEX(ТЕХ_Списки!$P$2:$P$71,MATCH($A5,ТЕХ_Списки!$D$2:$D$71,0)),0) -> 0 | P5: =IFERROR(INDEX(ТЕХ_Списки!$Q$2:$Q$71,MATCH($A5,ТЕХ_Списки!$D$2:$D$71,0)),0) -> 0 | Q5: =IFERROR(INDEX(ТЕХ_Списки!$R$2:$R$71,MATCH($A5,ТЕХ_Списки!$D$2:$D$71,0)),0) -> 0 | R5: =IFERROR(INDEX(ТЕХ_Списки!$S$2:$S$71,MATCH($A5,ТЕХ_Списки!$D$2:$D$71,0)),0) -> 0 | S5: =IFERROR(INDEX(ТЕХ_Списки!$T$2:$T$71,MATCH($A5,ТЕХ_Списки!$D$2:$D$71,0)),0) -> 0 | T5: =IFERROR(INDEX(ТЕХ_Списки!$U$2:$U$71,MATCH($A5,ТЕХ_Списки!$D$2:$D$71,0)),0) -> 0 | U5: =IFERROR(INDEX(ТЕХ_Списки!$V$2:$V$71,MATCH($A5,ТЕХ_Списки!$D$2:$D$71,0)),0) -> 0 | V5: =IFERROR(INDEX(ТЕХ_Списки!$W$2:$W$71,MATCH($A5,ТЕХ_Списки!$D$2:$D$71,0)),0) -> 0 | W5: =IFERROR(INDEX(ТЕХ_Списки!$X$2:$X$71,MATCH($A5,ТЕХ_Списки!$D$2:$D$71,0)),0) -> 0 | X5: =IFERROR(INDEX(ТЕХ_Списки!$Y$2:$Y$71,MATCH($A5,ТЕХ_Списки!$D$2:$D$71,0)),0) -> 0 | Y5: =IFERROR(INDEX(ТЕХ_Списки!$Z$2:$Z$71,MATCH($A5,ТЕХ_Списки!$D$2:$D$71,0)),0) -> 0 | Z5: =IFERROR(INDEX(ТЕХ_Списки!$AA$2:$AA$71,MATCH($A5,ТЕХ_Списки!$D$2:$D$71,0)),0) -> 0 | AA5: =IFERROR(INDEX(ТЕХ_Списки!$AB$2:$AB$71,MATCH($A5,ТЕХ_Списки!$D$2:$D$71,0)),0) -> 0 | AB5: =IFERROR(INDEX(ТЕХ_Списки!$AC$2:$AC$71,MATCH($A5,ТЕХ_Списки!$D$2:$D$71,0)),0) -> 0 | AC5: =IFERROR(INDEX(ТЕХ_Списки!$AD$2:$AD$71,MATCH($A5,ТЕХ_Списки!$D$2:$D$71,0)),0) -> 0 | AD5: =IFERROR(INDEX(ТЕХ_Списки!$AE$2:$AE$71,MATCH($A5,ТЕХ_Списки!$D$2:$D$71,0)),0) -> 0 | AE5: =IFERROR(INDEX(ТЕХ_Списки!$AF$2:$AF$71,MATCH($A5,ТЕХ_Списки!$D$2:$D$71,0)),0) -> 0 | AF5: =IFERROR(INDEX(ТЕХ_Списки!$AG$2:$AG$71,MATCH($A5,ТЕХ_Списки!$D$2:$D$71,0)),0) -> 0 | AG5: =IFERROR(INDEX(ТЕХ_Списки!$AH$2:$AH$71,MATCH($A5,ТЕХ_Списки!$D$2:$D$71,0)),0) -> 0 | AH5: =IFERROR(INDEX(ТЕХ_Списки!$AI$2:$AI$71,MATCH($A5,ТЕХ_Списки!$D$2:$D$71,0)),0) -> 0 | AI5: =IFERROR(INDEX(ТЕХ_Списки!$AJ$2:$AJ$71,MATCH($A5,ТЕХ_Списки!$D$2:$D$71,0)),0) -> 0 | AJ5: =IFERROR(INDEX(ТЕХ_Списки!$AK$2:$AK$71,MATCH($A5,ТЕХ_Списки!$D$2:$D$71,0)),0) -> 0 | AK5: =IFERROR(INDEX(ТЕХ_Списки!$AL$2:$AL$71,MATCH($A5,ТЕХ_Списки!$D$2:$D$71,0)),0) -> 0 | AL5: =IFERROR(INDEX(ТЕХ_Списки!$AM$2:$AM$71,MATCH($A5,ТЕХ_Списки!$D$2:$D$71,0)),0) -> 0 | AM5: =IFERROR(INDEX(ТЕХ_Списки!$AN$2:$AN$71,MATCH($A5,ТЕХ_Списки!$D$2:$D$71,0)),0) -> 0 | AN5: =IFERROR(INDEX(ТЕХ_Списки!$AO$2:$AO$71,MATCH($A5,ТЕХ_Списки!$D$2:$D$71,0)),0) -> 0 | AO5: =IFERROR(INDEX(ТЕХ_Списки!$AP$2:$AP$71,MATCH($A5,ТЕХ_Списки!$D$2:$D$71,0)),0) -> 0 | AP5: =IFERROR(INDEX(ТЕХ_Списки!$AQ$2:$AQ$71,MATCH($A5,ТЕХ_Списки!$D$2:$D$71,0)),0) -> 0 | AQ5: =IFERROR(INDEX(ТЕХ_Списки!$AR$2:$AR$71,MATCH($A5,ТЕХ_Списки!$D$2:$D$71,0)),0) -> 0 | AR5: =IFERROR(INDEX(ТЕХ_Списки!$AS$2:$AS$71,MATCH($A5,ТЕХ_Списки!$D$2:$D$71,0)),0) -> 0 | AS5: =IFERROR(INDEX(ТЕХ_Списки!$AT$2:$AT$71,MATCH($A5,ТЕХ_Списки!$D$2:$D$71,0)),0) -> 0 | AT5: =IFERROR(INDEX(ТЕХ_Списки!$AU$2:$AU$71,MATCH($A5,ТЕХ_Списки!$D$2:$D$71,0)),0) -> 0 | AU5: =IFERROR(INDEX(ТЕХ_Списки!$AV$2:$AV$71,MATCH($A5,ТЕХ_Списки!$D$2:$D$71,0)),0) -> 0 | AV5: =IFERROR(INDEX(ТЕХ_Списки!$AW$2:$AW$71,MATCH($A5,ТЕХ_Списки!$D$2:$D$71,0)),0) -> 0
A6: =IF(OR('РЕЙД-КОНСТРУКТОР'!C10="",'РЕЙД-КОНСТРУКТОР'!D10=""),"",'РЕЙД-КОНСТРУКТОР'!C10&"§"&'РЕЙД-КОНСТРУКТОР'!D10) | B6: =IF(A6="",0,IF('РЕЙД-КОНСТРУКТОР'!F10="",1,'РЕЙД-КОНСТРУКТОР'!F10)) -> 0 | C6: ='РЕЙД-КОНСТРУКТОР'!E10 -> 0 | D6: =IFERROR(INDEX(ТЕХ_Списки!$E$2:$E$71,MATCH($A6,ТЕХ_Списки!$D$2:$D$71,0)),0) -> 0 | E6: =IFERROR(INDEX(ТЕХ_Списки!$F$2:$F$71,MATCH($A6,ТЕХ_Списки!$D$2:$D$71,0)),0) -> 0 | F6: =IFERROR(INDEX(ТЕХ_Списки!$G$2:$G$71,MATCH($A6,ТЕХ_Списки!$D$2:$D$71,0)),0) -> 0 | G6: =IFERROR(INDEX(ТЕХ_Списки!$H$2:$H$71,MATCH($A6,ТЕХ_Списки!$D$2:$D$71,0)),0) -> 0 | H6: =IFERROR(INDEX(ТЕХ_Списки!$I$2:$I$71,MATCH($A6,ТЕХ_Списки!$D$2:$D$71,0)),0) -> 0 | I6: =IFERROR(INDEX(ТЕХ_Списки!$J$2:$J$71,MATCH($A6,ТЕХ_Списки!$D$2:$D$71,0)),0) -> 0 | J6: =IFERROR(INDEX(ТЕХ_Списки!$K$2:$K$71,MATCH($A6,ТЕХ_Списки!$D$2:$D$71,0)),0) -> 0 | K6: =IFERROR(INDEX(ТЕХ_Списки!$L$2:$L$71,MATCH($A6,ТЕХ_Списки!$D$2:$D$71,0)),0) -> 0 | L6: =IFERROR(INDEX(ТЕХ_Списки!$M$2:$M$71,MATCH($A6,ТЕХ_Списки!$D$2:$D$71,0)),0) -> 0 | M6: =IFERROR(INDEX(ТЕХ_Списки!$N$2:$N$71,MATCH($A6,ТЕХ_Списки!$D$2:$D$71,0)),0) -> 0 | N6: =IFERROR(INDEX(ТЕХ_Списки!$O$2:$O$71,MATCH($A6,ТЕХ_Списки!$D$2:$D$71,0)),0) -> 0 | O6: =IFERROR(INDEX(ТЕХ_Списки!$P$2:$P$71,MATCH($A6,ТЕХ_Списки!$D$2:$D$71,0)),0) -> 0 | P6: =IFERROR(INDEX(ТЕХ_Списки!$Q$2:$Q$71,MATCH($A6,ТЕХ_Списки!$D$2:$D$71,0)),0) -> 0 | Q6: =IFERROR(INDEX(ТЕХ_Списки!$R$2:$R$71,MATCH($A6,ТЕХ_Списки!$D$2:$D$71,0)),0) -> 0 | R6: =IFERROR(INDEX(ТЕХ_Списки!$S$2:$S$71,MATCH($A6,ТЕХ_Списки!$D$2:$D$71,0)),0) -> 0 | S6: =IFERROR(INDEX(ТЕХ_Списки!$T$2:$T$71,MATCH($A6,ТЕХ_Списки!$D$2:$D$71,0)),0) -> 0 | T6: =IFERROR(INDEX(ТЕХ_Списки!$U$2:$U$71,MATCH($A6,ТЕХ_Списки!$D$2:$D$71,0)),0) -> 0 | U6: =IFERROR(INDEX(ТЕХ_Списки!$V$2:$V$71,MATCH($A6,ТЕХ_Списки!$D$2:$D$71,0)),0) -> 0 | V6: =IFERROR(INDEX(ТЕХ_Списки!$W$2:$W$71,MATCH($A6,ТЕХ_Списки!$D$2:$D$71,0)),0) -> 0 | W6: =IFERROR(INDEX(ТЕХ_Списки!$X$2:$X$71,MATCH($A6,ТЕХ_Списки!$D$2:$D$71,0)),0) -> 0 | X6: =IFERROR(INDEX(ТЕХ_Списки!$Y$2:$Y$71,MATCH($A6,ТЕХ_Списки!$D$2:$D$71,0)),0) -> 0 | Y6: =IFERROR(INDEX(ТЕХ_Списки!$Z$2:$Z$71,MATCH($A6,ТЕХ_Списки!$D$2:$D$71,0)),0) -> 0 | Z6: =IFERROR(INDEX(ТЕХ_Списки!$AA$2:$AA$71,MATCH($A6,ТЕХ_Списки!$D$2:$D$71,0)),0) -> 0 | AA6: =IFERROR(INDEX(ТЕХ_Списки!$AB$2:$AB$71,MATCH($A6,ТЕХ_Списки!$D$2:$D$71,0)),0) -> 0 | AB6: =IFERROR(INDEX(ТЕХ_Списки!$AC$2:$AC$71,MATCH($A6,ТЕХ_Списки!$D$2:$D$71,0)),0) -> 0 | AC6: =IFERROR(INDEX(ТЕХ_Списки!$AD$2:$AD$71,MATCH($A6,ТЕХ_Списки!$D$2:$D$71,0)),0) -> 0 | AD6: =IFERROR(INDEX(ТЕХ_Списки!$AE$2:$AE$71,MATCH($A6,ТЕХ_Списки!$D$2:$D$71,0)),0) -> 0 | AE6: =IFERROR(INDEX(ТЕХ_Списки!$AF$2:$AF$71,MATCH($A6,ТЕХ_Списки!$D$2:$D$71,0)),0) -> 0 | AF6: =IFERROR(INDEX(ТЕХ_Списки!$AG$2:$AG$71,MATCH($A6,ТЕХ_Списки!$D$2:$D$71,0)),0) -> 0 | AG6: =IFERROR(INDEX(ТЕХ_Списки!$AH$2:$AH$71,MATCH($A6,ТЕХ_Списки!$D$2:$D$71,0)),0) -> 0 | AH6: =IFERROR(INDEX(ТЕХ_Списки!$AI$2:$AI$71,MATCH($A6,ТЕХ_Списки!$D$2:$D$71,0)),0) -> 0 | AI6: =IFERROR(INDEX(ТЕХ_Списки!$AJ$2:$AJ$71,MATCH($A6,ТЕХ_Списки!$D$2:$D$71,0)),0) -> 0 | AJ6: =IFERROR(INDEX(ТЕХ_Списки!$AK$2:$AK$71,MATCH($A6,ТЕХ_Списки!$D$2:$D$71,0)),0) -> 0 | AK6: =IFERROR(INDEX(ТЕХ_Списки!$AL$2:$AL$71,MATCH($A6,ТЕХ_Списки!$D$2:$D$71,0)),0) -> 0 | AL6: =IFERROR(INDEX(ТЕХ_Списки!$AM$2:$AM$71,MATCH($A6,ТЕХ_Списки!$D$2:$D$71,0)),0) -> 0 | AM6: =IFERROR(INDEX(ТЕХ_Списки!$AN$2:$AN$71,MATCH($A6,ТЕХ_Списки!$D$2:$D$71,0)),0) -> 0 | AN6: =IFERROR(INDEX(ТЕХ_Списки!$AO$2:$AO$71,MATCH($A6,ТЕХ_Списки!$D$2:$D$71,0)),0) -> 0 | AO6: =IFERROR(INDEX(ТЕХ_Списки!$AP$2:$AP$71,MATCH($A6,ТЕХ_Списки!$D$2:$D$71,0)),0) -> 0 | AP6: =IFERROR(INDEX(ТЕХ_Списки!$AQ$2:$AQ$71,MATCH($A6,ТЕХ_Списки!$D$2:$D$71,0)),0) -> 0 | AQ6: =IFERROR(INDEX(ТЕХ_Списки!$AR$2:$AR$71,MATCH($A6,ТЕХ_Списки!$D$2:$D$71,0)),0) -> 0 | AR6: =IFERROR(INDEX(ТЕХ_Списки!$AS$2:$AS$71,MATCH($A6,ТЕХ_Списки!$D$2:$D$71,0)),0) -> 0 | AS6: =IFERROR(INDEX(ТЕХ_Списки!$AT$2:$AT$71,MATCH($A6,ТЕХ_Списки!$D$2:$D$71,0)),0) -> 0 | AT6: =IFERROR(INDEX(ТЕХ_Списки!$AU$2:$AU$71,MATCH($A6,ТЕХ_Списки!$D$2:$D$71,0)),0) -> 0 | AU6: =IFERROR(INDEX(ТЕХ_Списки!$AV$2:$AV$71,MATCH($A6,ТЕХ_Списки!$D$2:$D$71,0)),0) -> 0 | AV6: =IFERROR(INDEX(ТЕХ_Списки!$AW$2:$AW$71,MATCH($A6,ТЕХ_Списки!$D$2:$D$71,0)),0) -> 0
A7: =IF(OR('РЕЙД-КОНСТРУКТОР'!C11="",'РЕЙД-КОНСТРУКТОР'!D11=""),"",'РЕЙД-КОНСТРУКТОР'!C11&"§"&'РЕЙД-КОНСТРУКТОР'!D11) | B7: =IF(A7="",0,IF('РЕЙД-КОНСТРУКТОР'!F11="",1,'РЕЙД-КОНСТРУКТОР'!F11)) -> 0 | C7: ='РЕЙД-КОНСТРУКТОР'!E11 -> 0 | D7: =IFERROR(INDEX(ТЕХ_Списки!$E$2:$E$71,MATCH($A7,ТЕХ_Списки!$D$2:$D$71,0)),0) -> 0 | E7: =IFERROR(INDEX(ТЕХ_Списки!$F$2:$F$71,MATCH($A7,ТЕХ_Списки!$D$2:$D$71,0)),0) -> 0 | F7: =IFERROR(INDEX(ТЕХ_Списки!$G$2:$G$71,MATCH($A7,ТЕХ_Списки!$D$2:$D$71,0)),0) -> 0 | G7: =IFERROR(INDEX(ТЕХ_Списки!$H$2:$H$71,MATCH($A7,ТЕХ_Списки!$D$2:$D$71,0)),0) -> 0 | H7: =IFERROR(INDEX(ТЕХ_Списки!$I$2:$I$71,MATCH($A7,ТЕХ_Списки!$D$2:$D$71,0)),0) -> 0 | I7: =IFERROR(INDEX(ТЕХ_Списки!$J$2:$J$71,MATCH($A7,ТЕХ_Списки!$D$2:$D$71,0)),0) -> 0 | J7: =IFERROR(INDEX(ТЕХ_Списки!$K$2:$K$71,MATCH($A7,ТЕХ_Списки!$D$2:$D$71,0)),0) -> 0 | K7: =IFERROR(INDEX(ТЕХ_Списки!$L$2:$L$71,MATCH($A7,ТЕХ_Списки!$D$2:$D$71,0)),0) -> 0 | L7: =IFERROR(INDEX(ТЕХ_Списки!$M$2:$M$71,MATCH($A7,ТЕХ_Списки!$D$2:$D$71,0)),0) -> 0 | M7: =IFERROR(INDEX(ТЕХ_Списки!$N$2:$N$71,MATCH($A7,ТЕХ_Списки!$D$2:$D$71,0)),0) -> 0 | N7: =IFERROR(INDEX(ТЕХ_Списки!$O$2:$O$71,MATCH($A7,ТЕХ_Списки!$D$2:$D$71,0)),0) -> 0 | O7: =IFERROR(INDEX(ТЕХ_Списки!$P$2:$P$71,MATCH($A7,ТЕХ_Списки!$D$2:$D$71,0)),0) -> 0 | P7: =IFERROR(INDEX(ТЕХ_Списки!$Q$2:$Q$71,MATCH($A7,ТЕХ_Списки!$D$2:$D$71,0)),0) -> 0 | Q7: =IFERROR(INDEX(ТЕХ_Списки!$R$2:$R$71,MATCH($A7,ТЕХ_Списки!$D$2:$D$71,0)),0) -> 0 | R7: =IFERROR(INDEX(ТЕХ_Списки!$S$2:$S$71,MATCH($A7,ТЕХ_Списки!$D$2:$D$71,0)),0) -> 0 | S7: =IFERROR(INDEX(ТЕХ_Списки!$T$2:$T$71,MATCH($A7,ТЕХ_Списки!$D$2:$D$71,0)),0) -> 0 | T7: =IFERROR(INDEX(ТЕХ_Списки!$U$2:$U$71,MATCH($A7,ТЕХ_Списки!$D$2:$D$71,0)),0) -> 0 | U7: =IFERROR(INDEX(ТЕХ_Списки!$V$2:$V$71,MATCH($A7,ТЕХ_Списки!$D$2:$D$71,0)),0) -> 0 | V7: =IFERROR(INDEX(ТЕХ_Списки!$W$2:$W$71,MATCH($A7,ТЕХ_Списки!$D$2:$D$71,0)),0) -> 0 | W7: =IFERROR(INDEX(ТЕХ_Списки!$X$2:$X$71,MATCH($A7,ТЕХ_Списки!$D$2:$D$71,0)),0) -> 0 | X7: =IFERROR(INDEX(ТЕХ_Списки!$Y$2:$Y$71,MATCH($A7,ТЕХ_Списки!$D$2:$D$71,0)),0) -> 0 | Y7: =IFERROR(INDEX(ТЕХ_Списки!$Z$2:$Z$71,MATCH($A7,ТЕХ_Списки!$D$2:$D$71,0)),0) -> 0 | Z7: =IFERROR(INDEX(ТЕХ_Списки!$AA$2:$AA$71,MATCH($A7,ТЕХ_Списки!$D$2:$D$71,0)),0) -> 0 | AA7: =IFERROR(INDEX(ТЕХ_Списки!$AB$2:$AB$71,MATCH($A7,ТЕХ_Списки!$D$2:$D$71,0)),0) -> 0 | AB7: =IFERROR(INDEX(ТЕХ_Списки!$AC$2:$AC$71,MATCH($A7,ТЕХ_Списки!$D$2:$D$71,0)),0) -> 0 | AC7: =IFERROR(INDEX(ТЕХ_Списки!$AD$2:$AD$71,MATCH($A7,ТЕХ_Списки!$D$2:$D$71,0)),0) -> 0 | AD7: =IFERROR(INDEX(ТЕХ_Списки!$AE$2:$AE$71,MATCH($A7,ТЕХ_Списки!$D$2:$D$71,0)),0) -> 0 | AE7: =IFERROR(INDEX(ТЕХ_Списки!$AF$2:$AF$71,MATCH($A7,ТЕХ_Списки!$D$2:$D$71,0)),0) -> 0 | AF7: =IFERROR(INDEX(ТЕХ_Списки!$AG$2:$AG$71,MATCH($A7,ТЕХ_Списки!$D$2:$D$71,0)),0) -> 0 | AG7: =IFERROR(INDEX(ТЕХ_Списки!$AH$2:$AH$71,MATCH($A7,ТЕХ_Списки!$D$2:$D$71,0)),0) -> 0 | AH7: =IFERROR(INDEX(ТЕХ_Списки!$AI$2:$AI$71,MATCH($A7,ТЕХ_Списки!$D$2:$D$71,0)),0) -> 0 | AI7: =IFERROR(INDEX(ТЕХ_Списки!$AJ$2:$AJ$71,MATCH($A7,ТЕХ_Списки!$D$2:$D$71,0)),0) -> 0 | AJ7: =IFERROR(INDEX(ТЕХ_Списки!$AK$2:$AK$71,MATCH($A7,ТЕХ_Списки!$D$2:$D$71,0)),0) -> 0 | AK7: =IFERROR(INDEX(ТЕХ_Списки!$AL$2:$AL$71,MATCH($A7,ТЕХ_Списки!$D$2:$D$71,0)),0) -> 0 | AL7: =IFERROR(INDEX(ТЕХ_Списки!$AM$2:$AM$71,MATCH($A7,ТЕХ_Списки!$D$2:$D$71,0)),0) -> 0 | AM7: =IFERROR(INDEX(ТЕХ_Списки!$AN$2:$AN$71,MATCH($A7,ТЕХ_Списки!$D$2:$D$71,0)),0) -> 0 | AN7: =IFERROR(INDEX(ТЕХ_Списки!$AO$2:$AO$71,MATCH($A7,ТЕХ_Списки!$D$2:$D$71,0)),0) -> 0 | AO7: =IFERROR(INDEX(ТЕХ_Списки!$AP$2:$AP$71,MATCH($A7,ТЕХ_Списки!$D$2:$D$71,0)),0) -> 0 | AP7: =IFERROR(INDEX(ТЕХ_Списки!$AQ$2:$AQ$71,MATCH($A7,ТЕХ_Списки!$D$2:$D$71,0)),0) -> 0 | AQ7: =IFERROR(INDEX(ТЕХ_Списки!$AR$2:$AR$71,MATCH($A7,ТЕХ_Списки!$D$2:$D$71,0)),0) -> 0 | AR7: =IFERROR(INDEX(ТЕХ_Списки!$AS$2:$AS$71,MATCH($A7,ТЕХ_Списки!$D$2:$D$71,0)),0) -> 0 | AS7: =IFERROR(INDEX(ТЕХ_Списки!$AT$2:$AT$71,MATCH($A7,ТЕХ_Списки!$D$2:$D$71,0)),0) -> 0 | AT7: =IFERROR(INDEX(ТЕХ_Списки!$AU$2:$AU$71,MATCH($A7,ТЕХ_Списки!$D$2:$D$71,0)),0) -> 0 | AU7: =IFERROR(INDEX(ТЕХ_Списки!$AV$2:$AV$71,MATCH($A7,ТЕХ_Списки!$D$2:$D$71,0)),0) -> 0 | AV7: =IFERROR(INDEX(ТЕХ_Списки!$AW$2:$AW$71,MATCH($A7,ТЕХ_Списки!$D$2:$D$71,0)),0) -> 0
A8: =IF(OR('РЕЙД-КОНСТРУКТОР'!C12="",'РЕЙД-КОНСТРУКТОР'!D12=""),"",'РЕЙД-КОНСТРУКТОР'!C12&"§"&'РЕЙД-КОНСТРУКТОР'!D12) | B8: =IF(A8="",0,IF('РЕЙД-КОНСТРУКТОР'!F12="",1,'РЕЙД-КОНСТРУКТОР'!F12)) -> 0 | C8: ='РЕЙД-КОНСТРУКТОР'!E12 -> 0 | D8: =IFERROR(INDEX(ТЕХ_Списки!$E$2:$E$71,MATCH($A8,ТЕХ_Списки!$D$2:$D$71,0)),0) -> 0 | E8: =IFERROR(INDEX(ТЕХ_Списки!$F$2:$F$71,MATCH($A8,ТЕХ_Списки!$D$2:$D$71,0)),0) -> 0 | F8: =IFERROR(INDEX(ТЕХ_Списки!$G$2:$G$71,MATCH($A8,ТЕХ_Списки!$D$2:$D$71,0)),0) -> 0 | G8: =IFERROR(INDEX(ТЕХ_Списки!$H$2:$H$71,MATCH($A8,ТЕХ_Списки!$D$2:$D$71,0)),0) -> 0 | H8: =IFERROR(INDEX(ТЕХ_Списки!$I$2:$I$71,MATCH($A8,ТЕХ_Списки!$D$2:$D$71,0)),0) -> 0 | I8: =IFERROR(INDEX(ТЕХ_Списки!$J$2:$J$71,MATCH($A8,ТЕХ_Списки!$D$2:$D$71,0)),0) -> 0 | J8: =IFERROR(INDEX(ТЕХ_Списки!$K$2:$K$71,MATCH($A8,ТЕХ_Списки!$D$2:$D$71,0)),0) -> 0 | K8: =IFERROR(INDEX(ТЕХ_Списки!$L$2:$L$71,MATCH($A8,ТЕХ_Списки!$D$2:$D$71,0)),0) -> 0 | L8: =IFERROR(INDEX(ТЕХ_Списки!$M$2:$M$71,MATCH($A8,ТЕХ_Списки!$D$2:$D$71,0)),0) -> 0 | M8: =IFERROR(INDEX(ТЕХ_Списки!$N$2:$N$71,MATCH($A8,ТЕХ_Списки!$D$2:$D$71,0)),0) -> 0 | N8: =IFERROR(INDEX(ТЕХ_Списки!$O$2:$O$71,MATCH($A8,ТЕХ_Списки!$D$2:$D$71,0)),0) -> 0 | O8: =IFERROR(INDEX(ТЕХ_Списки!$P$2:$P$71,MATCH($A8,ТЕХ_Списки!$D$2:$D$71,0)),0) -> 0 | P8: =IFERROR(INDEX(ТЕХ_Списки!$Q$2:$Q$71,MATCH($A8,ТЕХ_Списки!$D$2:$D$71,0)),0) -> 0 | Q8: =IFERROR(INDEX(ТЕХ_Списки!$R$2:$R$71,MATCH($A8,ТЕХ_Списки!$D$2:$D$71,0)),0) -> 0 | R8: =IFERROR(INDEX(ТЕХ_Списки!$S$2:$S$71,MATCH($A8,ТЕХ_Списки!$D$2:$D$71,0)),0) -> 0 | S8: =IFERROR(INDEX(ТЕХ_Списки!$T$2:$T$71,MATCH($A8,ТЕХ_Списки!$D$2:$D$71,0)),0) -> 0 | T8: =IFERROR(INDEX(ТЕХ_Списки!$U$2:$U$71,MATCH($A8,ТЕХ_Списки!$D$2:$D$71,0)),0) -> 0 | U8: =IFERROR(INDEX(ТЕХ_Списки!$V$2:$V$71,MATCH($A8,ТЕХ_Списки!$D$2:$D$71,0)),0) -> 0 | V8: =IFERROR(INDEX(ТЕХ_Списки!$W$2:$W$71,MATCH($A8,ТЕХ_Списки!$D$2:$D$71,0)),0) -> 0 | W8: =IFERROR(INDEX(ТЕХ_Списки!$X$2:$X$71,MATCH($A8,ТЕХ_Списки!$D$2:$D$71,0)),0) -> 0 | X8: =IFERROR(INDEX(ТЕХ_Списки!$Y$2:$Y$71,MATCH($A8,ТЕХ_Списки!$D$2:$D$71,0)),0) -> 0 | Y8: =IFERROR(INDEX(ТЕХ_Списки!$Z$2:$Z$71,MATCH($A8,ТЕХ_Списки!$D$2:$D$71,0)),0) -> 0 | Z8: =IFERROR(INDEX(ТЕХ_Списки!$AA$2:$AA$71,MATCH($A8,ТЕХ_Списки!$D$2:$D$71,0)),0) -> 0 | AA8: =IFERROR(INDEX(ТЕХ_Списки!$AB$2:$AB$71,MATCH($A8,ТЕХ_Списки!$D$2:$D$71,0)),0) -> 0 | AB8: =IFERROR(INDEX(ТЕХ_Списки!$AC$2:$AC$71,MATCH($A8,ТЕХ_Списки!$D$2:$D$71,0)),0) -> 0 | AC8: =IFERROR(INDEX(ТЕХ_Списки!$AD$2:$AD$71,MATCH($A8,ТЕХ_Списки!$D$2:$D$71,0)),0) -> 0 | AD8: =IFERROR(INDEX(ТЕХ_Списки!$AE$2:$AE$71,MATCH($A8,ТЕХ_Списки!$D$2:$D$71,0)),0) -> 0 | AE8: =IFERROR(INDEX(ТЕХ_Списки!$AF$2:$AF$71,MATCH($A8,ТЕХ_Списки!$D$2:$D$71,0)),0) -> 0 | AF8: =IFERROR(INDEX(ТЕХ_Списки!$AG$2:$AG$71,MATCH($A8,ТЕХ_Списки!$D$2:$D$71,0)),0) -> 0 | AG8: =IFERROR(INDEX(ТЕХ_Списки!$AH$2:$AH$71,MATCH($A8,ТЕХ_Списки!$D$2:$D$71,0)),0) -> 0 | AH8: =IFERROR(INDEX(ТЕХ_Списки!$AI$2:$AI$71,MATCH($A8,ТЕХ_Списки!$D$2:$D$71,0)),0) -> 0 | AI8: =IFERROR(INDEX(ТЕХ_Списки!$AJ$2:$AJ$71,MATCH($A8,ТЕХ_Списки!$D$2:$D$71,0)),0) -> 0 | AJ8: =IFERROR(INDEX(ТЕХ_Списки!$AK$2:$AK$71,MATCH($A8,ТЕХ_Списки!$D$2:$D$71,0)),0) -> 0 | AK8: =IFERROR(INDEX(ТЕХ_Списки!$AL$2:$AL$71,MATCH($A8,ТЕХ_Списки!$D$2:$D$71,0)),0) -> 0 | AL8: =IFERROR(INDEX(ТЕХ_Списки!$AM$2:$AM$71,MATCH($A8,ТЕХ_Списки!$D$2:$D$71,0)),0) -> 0 | AM8: =IFERROR(INDEX(ТЕХ_Списки!$AN$2:$AN$71,MATCH($A8,ТЕХ_Списки!$D$2:$D$71,0)),0) -> 0 | AN8: =IFERROR(INDEX(ТЕХ_Списки!$AO$2:$AO$71,MATCH($A8,ТЕХ_Списки!$D$2:$D$71,0)),0) -> 0 | AO8: =IFERROR(INDEX(ТЕХ_Списки!$AP$2:$AP$71,MATCH($A8,ТЕХ_Списки!$D$2:$D$71,0)),0) -> 0 | AP8: =IFERROR(INDEX(ТЕХ_Списки!$AQ$2:$AQ$71,MATCH($A8,ТЕХ_Списки!$D$2:$D$71,0)),0) -> 0 | AQ8: =IFERROR(INDEX(ТЕХ_Списки!$AR$2:$AR$71,MATCH($A8,ТЕХ_Списки!$D$2:$D$71,0)),0) -> 0 | AR8: =IFERROR(INDEX(ТЕХ_Списки!$AS$2:$AS$71,MATCH($A8,ТЕХ_Списки!$D$2:$D$71,0)),0) -> 0 | AS8: =IFERROR(INDEX(ТЕХ_Списки!$AT$2:$AT$71,MATCH($A8,ТЕХ_Списки!$D$2:$D$71,0)),0) -> 0 | AT8: =IFERROR(INDEX(ТЕХ_Списки!$AU$2:$AU$71,MATCH($A8,ТЕХ_Списки!$D$2:$D$71,0)),0) -> 0 | AU8: =IFERROR(INDEX(ТЕХ_Списки!$AV$2:$AV$71,MATCH($A8,ТЕХ_Списки!$D$2:$D$71,0)),0) -> 0 | AV8: =IFERROR(INDEX(ТЕХ_Списки!$AW$2:$AW$71,MATCH($A8,ТЕХ_Списки!$D$2:$D$71,0)),0) -> 0
A9: =IF(OR('РЕЙД-КОНСТРУКТОР'!C13="",'РЕЙД-КОНСТРУКТОР'!D13=""),"",'РЕЙД-КОНСТРУКТОР'!C13&"§"&'РЕЙД-КОНСТРУКТОР'!D13) | B9: =IF(A9="",0,IF('РЕЙД-КОНСТРУКТОР'!F13="",1,'РЕЙД-КОНСТРУКТОР'!F13)) -> 0 | C9: ='РЕЙД-КОНСТРУКТОР'!E13 -> 0 | D9: =IFERROR(INDEX(ТЕХ_Списки!$E$2:$E$71,MATCH($A9,ТЕХ_Списки!$D$2:$D$71,0)),0) -> 0 | E9: =IFERROR(INDEX(ТЕХ_Списки!$F$2:$F$71,MATCH($A9,ТЕХ_Списки!$D$2:$D$71,0)),0) -> 0 | F9: =IFERROR(INDEX(ТЕХ_Списки!$G$2:$G$71,MATCH($A9,ТЕХ_Списки!$D$2:$D$71,0)),0) -> 0 | G9: =IFERROR(INDEX(ТЕХ_Списки!$H$2:$H$71,MATCH($A9,ТЕХ_Списки!$D$2:$D$71,0)),0) -> 0 | H9: =IFERROR(INDEX(ТЕХ_Списки!$I$2:$I$71,MATCH($A9,ТЕХ_Списки!$D$2:$D$71,0)),0) -> 0 | I9: =IFERROR(INDEX(ТЕХ_Списки!$J$2:$J$71,MATCH($A9,ТЕХ_Списки!$D$2:$D$71,0)),0) -> 0 | J9: =IFERROR(INDEX(ТЕХ_Списки!$K$2:$K$71,MATCH($A9,ТЕХ_Списки!$D$2:$D$71,0)),0) -> 0 | K9: =IFERROR(INDEX(ТЕХ_Списки!$L$2:$L$71,MATCH($A9,ТЕХ_Списки!$D$2:$D$71,0)),0) -> 0 | L9: =IFERROR(INDEX(ТЕХ_Списки!$M$2:$M$71,MATCH($A9,ТЕХ_Списки!$D$2:$D$71,0)),0) -> 0 | M9: =IFERROR(INDEX(ТЕХ_Списки!$N$2:$N$71,MATCH($A9,ТЕХ_Списки!$D$2:$D$71,0)),0) -> 0 | N9: =IFERROR(INDEX(ТЕХ_Списки!$O$2:$O$71,MATCH($A9,ТЕХ_Списки!$D$2:$D$71,0)),0) -> 0 | O9: =IFERROR(INDEX(ТЕХ_Списки!$P$2:$P$71,MATCH($A9,ТЕХ_Списки!$D$2:$D$71,0)),0) -> 0 | P9: =IFERROR(INDEX(ТЕХ_Списки!$Q$2:$Q$71,MATCH($A9,ТЕХ_Списки!$D$2:$D$71,0)),0) -> 0 | Q9: =IFERROR(INDEX(ТЕХ_Списки!$R$2:$R$71,MATCH($A9,ТЕХ_Списки!$D$2:$D$71,0)),0) -> 0 | R9: =IFERROR(INDEX(ТЕХ_Списки!$S$2:$S$71,MATCH($A9,ТЕХ_Списки!$D$2:$D$71,0)),0) -> 0 | S9: =IFERROR(INDEX(ТЕХ_Списки!$T$2:$T$71,MATCH($A9,ТЕХ_Списки!$D$2:$D$71,0)),0) -> 0 | T9: =IFERROR(INDEX(ТЕХ_Списки!$U$2:$U$71,MATCH($A9,ТЕХ_Списки!$D$2:$D$71,0)),0) -> 0 | U9: =IFERROR(INDEX(ТЕХ_Списки!$V$2:$V$71,MATCH($A9,ТЕХ_Списки!$D$2:$D$71,0)),0) -> 0 | V9: =IFERROR(INDEX(ТЕХ_Списки!$W$2:$W$71,MATCH($A9,ТЕХ_Списки!$D$2:$D$71,0)),0) -> 0 | W9: =IFERROR(INDEX(ТЕХ_Списки!$X$2:$X$71,MATCH($A9,ТЕХ_Списки!$D$2:$D$71,0)),0) -> 0 | X9: =IFERROR(INDEX(ТЕХ_Списки!$Y$2:$Y$71,MATCH($A9,ТЕХ_Списки!$D$2:$D$71,0)),0) -> 0 | Y9: =IFERROR(INDEX(ТЕХ_Списки!$Z$2:$Z$71,MATCH($A9,ТЕХ_Списки!$D$2:$D$71,0)),0) -> 0 | Z9: =IFERROR(INDEX(ТЕХ_Списки!$AA$2:$AA$71,MATCH($A9,ТЕХ_Списки!$D$2:$D$71,0)),0) -> 0 | AA9: =IFERROR(INDEX(ТЕХ_Списки!$AB$2:$AB$71,MATCH($A9,ТЕХ_Списки!$D$2:$D$71,0)),0) -> 0 | AB9: =IFERROR(INDEX(ТЕХ_Списки!$AC$2:$AC$71,MATCH($A9,ТЕХ_Списки!$D$2:$D$71,0)),0) -> 0 | AC9: =IFERROR(INDEX(ТЕХ_Списки!$AD$2:$AD$71,MATCH($A9,ТЕХ_Списки!$D$2:$D$71,0)),0) -> 0 | AD9: =IFERROR(INDEX(ТЕХ_Списки!$AE$2:$AE$71,MATCH($A9,ТЕХ_Списки!$D$2:$D$71,0)),0) -> 0 | AE9: =IFERROR(INDEX(ТЕХ_Списки!$AF$2:$AF$71,MATCH($A9,ТЕХ_Списки!$D$2:$D$71,0)),0) -> 0 | AF9: =IFERROR(INDEX(ТЕХ_Списки!$AG$2:$AG$71,MATCH($A9,ТЕХ_Списки!$D$2:$D$71,0)),0) -> 0 | AG9: =IFERROR(INDEX(ТЕХ_Списки!$AH$2:$AH$71,MATCH($A9,ТЕХ_Списки!$D$2:$D$71,0)),0) -> 0 | AH9: =IFERROR(INDEX(ТЕХ_Списки!$AI$2:$AI$71,MATCH($A9,ТЕХ_Списки!$D$2:$D$71,0)),0) -> 0 | AI9: =IFERROR(INDEX(ТЕХ_Списки!$AJ$2:$AJ$71,MATCH($A9,ТЕХ_Списки!$D$2:$D$71,0)),0) -> 0 | AJ9: =IFERROR(INDEX(ТЕХ_Списки!$AK$2:$AK$71,MATCH($A9,ТЕХ_Списки!$D$2:$D$71,0)),0) -> 0 | AK9: =IFERROR(INDEX(ТЕХ_Списки!$AL$2:$AL$71,MATCH($A9,ТЕХ_Списки!$D$2:$D$71,0)),0) -> 0 | AL9: =IFERROR(INDEX(ТЕХ_Списки!$AM$2:$AM$71,MATCH($A9,ТЕХ_Списки!$D$2:$D$71,0)),0) -> 0 | AM9: =IFERROR(INDEX(ТЕХ_Списки!$AN$2:$AN$71,MATCH($A9,ТЕХ_Списки!$D$2:$D$71,0)),0) -> 0 | AN9: =IFERROR(INDEX(ТЕХ_Списки!$AO$2:$AO$71,MATCH($A9,ТЕХ_Списки!$D$2:$D$71,0)),0) -> 0 | AO9: =IFERROR(INDEX(ТЕХ_Списки!$AP$2:$AP$71,MATCH($A9,ТЕХ_Списки!$D$2:$D$71,0)),0) -> 0 | AP9: =IFERROR(INDEX(ТЕХ_Списки!$AQ$2:$AQ$71,MATCH($A9,ТЕХ_Списки!$D$2:$D$71,0)),0) -> 0 | AQ9: =IFERROR(INDEX(ТЕХ_Списки!$AR$2:$AR$71,MATCH($A9,ТЕХ_Списки!$D$2:$D$71,0)),0) -> 0 | AR9: =IFERROR(INDEX(ТЕХ_Списки!$AS$2:$AS$71,MATCH($A9,ТЕХ_Списки!$D$2:$D$71,0)),0) -> 0 | AS9: =IFERROR(INDEX(ТЕХ_Списки!$AT$2:$AT$71,MATCH($A9,ТЕХ_Списки!$D$2:$D$71,0)),0) -> 0 | AT9: =IFERROR(INDEX(ТЕХ_Списки!$AU$2:$AU$71,MATCH($A9,ТЕХ_Списки!$D$2:$D$71,0)),0) -> 0 | AU9: =IFERROR(INDEX(ТЕХ_Списки!$AV$2:$AV$71,MATCH($A9,ТЕХ_Списки!$D$2:$D$71,0)),0) -> 0 | AV9: =IFERROR(INDEX(ТЕХ_Списки!$AW$2:$AW$71,MATCH($A9,ТЕХ_Списки!$D$2:$D$71,0)),0) -> 0
A10: =IF(OR('РЕЙД-КОНСТРУКТОР'!C14="",'РЕЙД-КОНСТРУКТОР'!D14=""),"",'РЕЙД-КОНСТРУКТОР'!C14&"§"&'РЕЙД-КОНСТРУКТОР'!D14) | B10: =IF(A10="",0,IF('РЕЙД-КОНСТРУКТОР'!F14="",1,'РЕЙД-КОНСТРУКТОР'!F14)) -> 0 | C10: ='РЕЙД-КОНСТРУКТОР'!E14 -> 0 | D10: =IFERROR(INDEX(ТЕХ_Списки!$E$2:$E$71,MATCH($A10,ТЕХ_Списки!$D$2:$D$71,0)),0) -> 0 | E10: =IFERROR(INDEX(ТЕХ_Списки!$F$2:$F$71,MATCH($A10,ТЕХ_Списки!$D$2:$D$71,0)),0) -> 0 | F10: =IFERROR(INDEX(ТЕХ_Списки!$G$2:$G$71,MATCH($A10,ТЕХ_Списки!$D$2:$D$71,0)),0) -> 0 | G10: =IFERROR(INDEX(ТЕХ_Списки!$H$2:$H$71,MATCH($A10,ТЕХ_Списки!$D$2:$D$71,0)),0) -> 0 | H10: =IFERROR(INDEX(ТЕХ_Списки!$I$2:$I$71,MATCH($A10,ТЕХ_Списки!$D$2:$D$71,0)),0) -> 0 | I10: =IFERROR(INDEX(ТЕХ_Списки!$J$2:$J$71,MATCH($A10,ТЕХ_Списки!$D$2:$D$71,0)),0) -> 0 | J10: =IFERROR(INDEX(ТЕХ_Списки!$K$2:$K$71,MATCH($A10,ТЕХ_Списки!$D$2:$D$71,0)),0) -> 0 | K10: =IFERROR(INDEX(ТЕХ_Списки!$L$2:$L$71,MATCH($A10,ТЕХ_Списки!$D$2:$D$71,0)),0) -> 0 | L10: =IFERROR(INDEX(ТЕХ_Списки!$M$2:$M$71,MATCH($A10,ТЕХ_Списки!$D$2:$D$71,0)),0) -> 0 | M10: =IFERROR(INDEX(ТЕХ_Списки!$N$2:$N$71,MATCH($A10,ТЕХ_Списки!$D$2:$D$71,0)),0) -> 0 | N10: =IFERROR(INDEX(ТЕХ_Списки!$O$2:$O$71,MATCH($A10,ТЕХ_Списки!$D$2:$D$71,0)),0) -> 0 | O10: =IFERROR(INDEX(ТЕХ_Списки!$P$2:$P$71,MATCH($A10,ТЕХ_Списки!$D$2:$D$71,0)),0) -> 0 | P10: =IFERROR(INDEX(ТЕХ_Списки!$Q$2:$Q$71,MATCH($A10,ТЕХ_Списки!$D$2:$D$71,0)),0) -> 0 | Q10: =IFERROR(INDEX(ТЕХ_Списки!$R$2:$R$71,MATCH($A10,ТЕХ_Списки!$D$2:$D$71,0)),0) -> 0 | R10: =IFERROR(INDEX(ТЕХ_Списки!$S$2:$S$71,MATCH($A10,ТЕХ_Списки!$D$2:$D$71,0)),0) -> 0 | S10: =IFERROR(INDEX(ТЕХ_Списки!$T$2:$T$71,MATCH($A10,ТЕХ_Списки!$D$2:$D$71,0)),0) -> 0 | T10: =IFERROR(INDEX(ТЕХ_Списки!$U$2:$U$71,MATCH($A10,ТЕХ_Списки!$D$2:$D$71,0)),0) -> 0 | U10: =IFERROR(INDEX(ТЕХ_Списки!$V$2:$V$71,MATCH($A10,ТЕХ_Списки!$D$2:$D$71,0)),0) -> 0 | V10: =IFERROR(INDEX(ТЕХ_Списки!$W$2:$W$71,MATCH($A10,ТЕХ_Списки!$D$2:$D$71,0)),0) -> 0 | W10: =IFERROR(INDEX(ТЕХ_Списки!$X$2:$X$71,MATCH($A10,ТЕХ_Списки!$D$2:$D$71,0)),0) -> 0 | X10: =IFERROR(INDEX(ТЕХ_Списки!$Y$2:$Y$71,MATCH($A10,ТЕХ_Списки!$D$2:$D$71,0)),0) -> 0 | Y10: =IFERROR(INDEX(ТЕХ_Списки!$Z$2:$Z$71,MATCH($A10,ТЕХ_Списки!$D$2:$D$71,0)),0) -> 0 | Z10: =IFERROR(INDEX(ТЕХ_Списки!$AA$2:$AA$71,MATCH($A10,ТЕХ_Списки!$D$2:$D$71,0)),0) -> 0 | AA10: =IFERROR(INDEX(ТЕХ_Списки!$AB$2:$AB$71,MATCH($A10,ТЕХ_Списки!$D$2:$D$71,0)),0) -> 0 | AB10: =IFERROR(INDEX(ТЕХ_Списки!$AC$2:$AC$71,MATCH($A10,ТЕХ_Списки!$D$2:$D$71,0)),0) -> 0 | AC10: =IFERROR(INDEX(ТЕХ_Списки!$AD$2:$AD$71,MATCH($A10,ТЕХ_Списки!$D$2:$D$71,0)),0) -> 0 | AD10: =IFERROR(INDEX(ТЕХ_Списки!$AE$2:$AE$71,MATCH($A10,ТЕХ_Списки!$D$2:$D$71,0)),0) -> 0 | AE10: =IFERROR(INDEX(ТЕХ_Списки!$AF$2:$AF$71,MATCH($A10,ТЕХ_Списки!$D$2:$D$71,0)),0) -> 0 | AF10: =IFERROR(INDEX(ТЕХ_Списки!$AG$2:$AG$71,MATCH($A10,ТЕХ_Списки!$D$2:$D$71,0)),0) -> 0 | AG10: =IFERROR(INDEX(ТЕХ_Списки!$AH$2:$AH$71,MATCH($A10,ТЕХ_Списки!$D$2:$D$71,0)),0) -> 0 | AH10: =IFERROR(INDEX(ТЕХ_Списки!$AI$2:$AI$71,MATCH($A10,ТЕХ_Списки!$D$2:$D$71,0)),0) -> 0 | AI10: =IFERROR(INDEX(ТЕХ_Списки!$AJ$2:$AJ$71,MATCH($A10,ТЕХ_Списки!$D$2:$D$71,0)),0) -> 0 | AJ10: =IFERROR(INDEX(ТЕХ_Списки!$AK$2:$AK$71,MATCH($A10,ТЕХ_Списки!$D$2:$D$71,0)),0) -> 0 | AK10: =IFERROR(INDEX(ТЕХ_Списки!$AL$2:$AL$71,MATCH($A10,ТЕХ_Списки!$D$2:$D$71,0)),0) -> 0 | AL10: =IFERROR(INDEX(ТЕХ_Списки!$AM$2:$AM$71,MATCH($A10,ТЕХ_Списки!$D$2:$D$71,0)),0) -> 0 | AM10: =IFERROR(INDEX(ТЕХ_Списки!$AN$2:$AN$71,MATCH($A10,ТЕХ_Списки!$D$2:$D$71,0)),0) -> 0 | AN10: =IFERROR(INDEX(ТЕХ_Списки!$AO$2:$AO$71,MATCH($A10,ТЕХ_Списки!$D$2:$D$71,0)),0) -> 0 | AO10: =IFERROR(INDEX(ТЕХ_Списки!$AP$2:$AP$71,MATCH($A10,ТЕХ_Списки!$D$2:$D$71,0)),0) -> 0 | AP10: =IFERROR(INDEX(ТЕХ_Списки!$AQ$2:$AQ$71,MATCH($A10,ТЕХ_Списки!$D$2:$D$71,0)),0) -> 0 | AQ10: =IFERROR(INDEX(ТЕХ_Списки!$AR$2:$AR$71,MATCH($A10,ТЕХ_Списки!$D$2:$D$71,0)),0) -> 0 | AR10: =IFERROR(INDEX(ТЕХ_Списки!$AS$2:$AS$71,MATCH($A10,ТЕХ_Списки!$D$2:$D$71,0)),0) -> 0 | AS10: =IFERROR(INDEX(ТЕХ_Списки!$AT$2:$AT$71,MATCH($A10,ТЕХ_Списки!$D$2:$D$71,0)),0) -> 0 | AT10: =IFERROR(INDEX(ТЕХ_Списки!$AU$2:$AU$71,MATCH($A10,ТЕХ_Списки!$D$2:$D$71,0)),0) -> 0 | AU10: =IFERROR(INDEX(ТЕХ_Списки!$AV$2:$AV$71,MATCH($A10,ТЕХ_Списки!$D$2:$D$71,0)),0) -> 0 | AV10: =IFERROR(INDEX(ТЕХ_Списки!$AW$2:$AW$71,MATCH($A10,ТЕХ_Списки!$D$2:$D$71,0)),0) -> 0
A11: =IF(OR('РЕЙД-КОНСТРУКТОР'!C15="",'РЕЙД-КОНСТРУКТОР'!D15=""),"",'РЕЙД-КОНСТРУКТОР'!C15&"§"&'РЕЙД-КОНСТРУКТОР'!D15) | B11: =IF(A11="",0,IF('РЕЙД-КОНСТРУКТОР'!F15="",1,'РЕЙД-КОНСТРУКТОР'!F15)) -> 0 | C11: ='РЕЙД-КОНСТРУКТОР'!E15 -> 0 | D11: =IFERROR(INDEX(ТЕХ_Списки!$E$2:$E$71,MATCH($A11,ТЕХ_Списки!$D$2:$D$71,0)),0) -> 0 | E11: =IFERROR(INDEX(ТЕХ_Списки!$F$2:$F$71,MATCH($A11,ТЕХ_Списки!$D$2:$D$71,0)),0) -> 0 | F11: =IFERROR(INDEX(ТЕХ_Списки!$G$2:$G$71,MATCH($A11,ТЕХ_Списки!$D$2:$D$71,0)),0) -> 0 | G11: =IFERROR(INDEX(ТЕХ_Списки!$H$2:$H$71,MATCH($A11,ТЕХ_Списки!$D$2:$D$71,0)),0) -> 0 | H11: =IFERROR(INDEX(ТЕХ_Списки!$I$2:$I$71,MATCH($A11,ТЕХ_Списки!$D$2:$D$71,0)),0) -> 0 | I11: =IFERROR(INDEX(ТЕХ_Списки!$J$2:$J$71,MATCH($A11,ТЕХ_Списки!$D$2:$D$71,0)),0) -> 0 | J11: =IFERROR(INDEX(ТЕХ_Списки!$K$2:$K$71,MATCH($A11,ТЕХ_Списки!$D$2:$D$71,0)),0) -> 0 | K11: =IFERROR(INDEX(ТЕХ_Списки!$L$2:$L$71,MATCH($A11,ТЕХ_Списки!$D$2:$D$71,0)),0) -> 0 | L11: =IFERROR(INDEX(ТЕХ_Списки!$M$2:$M$71,MATCH($A11,ТЕХ_Списки!$D$2:$D$71,0)),0) -> 0 | M11: =IFERROR(INDEX(ТЕХ_Списки!$N$2:$N$71,MATCH($A11,ТЕХ_Списки!$D$2:$D$71,0)),0) -> 0 | N11: =IFERROR(INDEX(ТЕХ_Списки!$O$2:$O$71,MATCH($A11,ТЕХ_Списки!$D$2:$D$71,0)),0) -> 0 | O11: =IFERROR(INDEX(ТЕХ_Списки!$P$2:$P$71,MATCH($A11,ТЕХ_Списки!$D$2:$D$71,0)),0) -> 0 | P11: =IFERROR(INDEX(ТЕХ_Списки!$Q$2:$Q$71,MATCH($A11,ТЕХ_Списки!$D$2:$D$71,0)),0) -> 0 | Q11: =IFERROR(INDEX(ТЕХ_Списки!$R$2:$R$71,MATCH($A11,ТЕХ_Списки!$D$2:$D$71,0)),0) -> 0 | R11: =IFERROR(INDEX(ТЕХ_Списки!$S$2:$S$71,MATCH($A11,ТЕХ_Списки!$D$2:$D$71,0)),0) -> 0 | S11: =IFERROR(INDEX(ТЕХ_Списки!$T$2:$T$71,MATCH($A11,ТЕХ_Списки!$D$2:$D$71,0)),0) -> 0 | T11: =IFERROR(INDEX(ТЕХ_Списки!$U$2:$U$71,MATCH($A11,ТЕХ_Списки!$D$2:$D$71,0)),0) -> 0 | U11: =IFERROR(INDEX(ТЕХ_Списки!$V$2:$V$71,MATCH($A11,ТЕХ_Списки!$D$2:$D$71,0)),0) -> 0 | V11: =IFERROR(INDEX(ТЕХ_Списки!$W$2:$W$71,MATCH($A11,ТЕХ_Списки!$D$2:$D$71,0)),0) -> 0 | W11: =IFERROR(INDEX(ТЕХ_Списки!$X$2:$X$71,MATCH($A11,ТЕХ_Списки!$D$2:$D$71,0)),0) -> 0 | X11: =IFERROR(INDEX(ТЕХ_Списки!$Y$2:$Y$71,MATCH($A11,ТЕХ_Списки!$D$2:$D$71,0)),0) -> 0 | Y11: =IFERROR(INDEX(ТЕХ_Списки!$Z$2:$Z$71,MATCH($A11,ТЕХ_Списки!$D$2:$D$71,0)),0) -> 0 | Z11: =IFERROR(INDEX(ТЕХ_Списки!$AA$2:$AA$71,MATCH($A11,ТЕХ_Списки!$D$2:$D$71,0)),0) -> 0 | AA11: =IFERROR(INDEX(ТЕХ_Списки!$AB$2:$AB$71,MATCH($A11,ТЕХ_Списки!$D$2:$D$71,0)),0) -> 0 | AB11: =IFERROR(INDEX(ТЕХ_Списки!$AC$2:$AC$71,MATCH($A11,ТЕХ_Списки!$D$2:$D$71,0)),0) -> 0 | AC11: =IFERROR(INDEX(ТЕХ_Списки!$AD$2:$AD$71,MATCH($A11,ТЕХ_Списки!$D$2:$D$71,0)),0) -> 0 | AD11: =IFERROR(INDEX(ТЕХ_Списки!$AE$2:$AE$71,MATCH($A11,ТЕХ_Списки!$D$2:$D$71,0)),0) -> 0 | AE11: =IFERROR(INDEX(ТЕХ_Списки!$AF$2:$AF$71,MATCH($A11,ТЕХ_Списки!$D$2:$D$71,0)),0) -> 0 | AF11: =IFERROR(INDEX(ТЕХ_Списки!$AG$2:$AG$71,MATCH($A11,ТЕХ_Списки!$D$2:$D$71,0)),0) -> 0 | AG11: =IFERROR(INDEX(ТЕХ_Списки!$AH$2:$AH$71,MATCH($A11,ТЕХ_Списки!$D$2:$D$71,0)),0) -> 0 | AH11: =IFERROR(INDEX(ТЕХ_Списки!$AI$2:$AI$71,MATCH($A11,ТЕХ_Списки!$D$2:$D$71,0)),0) -> 0 | AI11: =IFERROR(INDEX(ТЕХ_Списки!$AJ$2:$AJ$71,MATCH($A11,ТЕХ_Списки!$D$2:$D$71,0)),0) -> 0 | AJ11: =IFERROR(INDEX(ТЕХ_Списки!$AK$2:$AK$71,MATCH($A11,ТЕХ_Списки!$D$2:$D$71,0)),0) -> 0 | AK11: =IFERROR(INDEX(ТЕХ_Списки!$AL$2:$AL$71,MATCH($A11,ТЕХ_Списки!$D$2:$D$71,0)),0) -> 0 | AL11: =IFERROR(INDEX(ТЕХ_Списки!$AM$2:$AM$71,MATCH($A11,ТЕХ_Списки!$D$2:$D$71,0)),0) -> 0 | AM11: =IFERROR(INDEX(ТЕХ_Списки!$AN$2:$AN$71,MATCH($A11,ТЕХ_Списки!$D$2:$D$71,0)),0) -> 0 | AN11: =IFERROR(INDEX(ТЕХ_Списки!$AO$2:$AO$71,MATCH($A11,ТЕХ_Списки!$D$2:$D$71,0)),0) -> 0 | AO11: =IFERROR(INDEX(ТЕХ_Списки!$AP$2:$AP$71,MATCH($A11,ТЕХ_Списки!$D$2:$D$71,0)),0) -> 0 | AP11: =IFERROR(INDEX(ТЕХ_Списки!$AQ$2:$AQ$71,MATCH($A11,ТЕХ_Списки!$D$2:$D$71,0)),0) -> 0 | AQ11: =IFERROR(INDEX(ТЕХ_Списки!$AR$2:$AR$71,MATCH($A11,ТЕХ_Списки!$D$2:$D$71,0)),0) -> 0 | AR11: =IFERROR(INDEX(ТЕХ_Списки!$AS$2:$AS$71,MATCH($A11,ТЕХ_Списки!$D$2:$D$71,0)),0) -> 0 | AS11: =IFERROR(INDEX(ТЕХ_Списки!$AT$2:$AT$71,MATCH($A11,ТЕХ_Списки!$D$2:$D$71,0)),0) -> 0 | AT11: =IFERROR(INDEX(ТЕХ_Списки!$AU$2:$AU$71,MATCH($A11,ТЕХ_Списки!$D$2:$D$71,0)),0) -> 0 | AU11: =IFERROR(INDEX(ТЕХ_Списки!$AV$2:$AV$71,MATCH($A11,ТЕХ_Списки!$D$2:$D$71,0)),0) -> 0 | AV11: =IFERROR(INDEX(ТЕХ_Списки!$AW$2:$AW$71,MATCH($A11,ТЕХ_Списки!$D$2:$D$71,0)),0) -> 0
A12: =IF(OR('РЕЙД-КОНСТРУКТОР'!C16="",'РЕЙД-КОНСТРУКТОР'!D16=""),"",'РЕЙД-КОНСТРУКТОР'!C16&"§"&'РЕЙД-КОНСТРУКТОР'!D16) | B12: =IF(A12="",0,IF('РЕЙД-КОНСТРУКТОР'!F16="",1,'РЕЙД-КОНСТРУКТОР'!F16)) -> 0 | C12: ='РЕЙД-КОНСТРУКТОР'!E16 | D12: =IFERROR(INDEX(ТЕХ_Списки!$E$2:$E$71,MATCH($A12,ТЕХ_Списки!$D$2:$D$71,0)),0) -> 0 | E12: =IFERROR(INDEX(ТЕХ_Списки!$F$2:$F$71,MATCH($A12,ТЕХ_Списки!$D$2:$D$71,0)),0) -> 0 | F12: =IFERROR(INDEX(ТЕХ_Списки!$G$2:$G$71,MATCH($A12,ТЕХ_Списки!$D$2:$D$71,0)),0) -> 0 | G12: =IFERROR(INDEX(ТЕХ_Списки!$H$2:$H$71,MATCH($A12,ТЕХ_Списки!$D$2:$D$71,0)),0) -> 0 | H12: =IFERROR(INDEX(ТЕХ_Списки!$I$2:$I$71,MATCH($A12,ТЕХ_Списки!$D$2:$D$71,0)),0) -> 0 | I12: =IFERROR(INDEX(ТЕХ_Списки!$J$2:$J$71,MATCH($A12,ТЕХ_Списки!$D$2:$D$71,0)),0) -> 0 | J12: =IFERROR(INDEX(ТЕХ_Списки!$K$2:$K$71,MATCH($A12,ТЕХ_Списки!$D$2:$D$71,0)),0) -> 0 | K12: =IFERROR(INDEX(ТЕХ_Списки!$L$2:$L$71,MATCH($A12,ТЕХ_Списки!$D$2:$D$71,0)),0) -> 0 | L12: =IFERROR(INDEX(ТЕХ_Списки!$M$2:$M$71,MATCH($A12,ТЕХ_Списки!$D$2:$D$71,0)),0) -> 0 | M12: =IFERROR(INDEX(ТЕХ_Списки!$N$2:$N$71,MATCH($A12,ТЕХ_Списки!$D$2:$D$71,0)),0) -> 0 | N12: =IFERROR(INDEX(ТЕХ_Списки!$O$2:$O$71,MATCH($A12,ТЕХ_Списки!$D$2:$D$71,0)),0) -> 0 | O12: =IFERROR(INDEX(ТЕХ_Списки!$P$2:$P$71,MATCH($A12,ТЕХ_Списки!$D$2:$D$71,0)),0) -> 0 | P12: =IFERROR(INDEX(ТЕХ_Списки!$Q$2:$Q$71,MATCH($A12,ТЕХ_Списки!$D$2:$D$71,0)),0) -> 0 | Q12: =IFERROR(INDEX(ТЕХ_Списки!$R$2:$R$71,MATCH($A12,ТЕХ_Списки!$D$2:$D$71,0)),0) -> 0 | R12: =IFERROR(INDEX(ТЕХ_Списки!$S$2:$S$71,MATCH($A12,ТЕХ_Списки!$D$2:$D$71,0)),0) -> 0 | S12: =IFERROR(INDEX(ТЕХ_Списки!$T$2:$T$71,MATCH($A12,ТЕХ_Списки!$D$2:$D$71,0)),0) -> 0 | T12: =IFERROR(INDEX(ТЕХ_Списки!$U$2:$U$71,MATCH($A12,ТЕХ_Списки!$D$2:$D$71,0)),0) -> 0 | U12: =IFERROR(INDEX(ТЕХ_Списки!$V$2:$V$71,MATCH($A12,ТЕХ_Списки!$D$2:$D$71,0)),0) -> 0 | V12: =IFERROR(INDEX(ТЕХ_Списки!$W$2:$W$71,MATCH($A12,ТЕХ_Списки!$D$2:$D$71,0)),0) -> 0 | W12: =IFERROR(INDEX(ТЕХ_Списки!$X$2:$X$71,MATCH($A12,ТЕХ_Списки!$D$2:$D$71,0)),0) -> 0 | X12: =IFERROR(INDEX(ТЕХ_Списки!$Y$2:$Y$71,MATCH($A12,ТЕХ_Списки!$D$2:$D$71,0)),0) -> 0 | Y12: =IFERROR(INDEX(ТЕХ_Списки!$Z$2:$Z$71,MATCH($A12,ТЕХ_Списки!$D$2:$D$71,0)),0) -> 0 | Z12: =IFERROR(INDEX(ТЕХ_Списки!$AA$2:$AA$71,MATCH($A12,ТЕХ_Списки!$D$2:$D$71,0)),0) -> 0 | AA12: =IFERROR(INDEX(ТЕХ_Списки!$AB$2:$AB$71,MATCH($A12,ТЕХ_Списки!$D$2:$D$71,0)),0) -> 0 | AB12: =IFERROR(INDEX(ТЕХ_Списки!$AC$2:$AC$71,MATCH($A12,ТЕХ_Списки!$D$2:$D$71,0)),0) -> 0 | AC12: =IFERROR(INDEX(ТЕХ_Списки!$AD$2:$AD$71,MATCH($A12,ТЕХ_Списки!$D$2:$D$71,0)),0) -> 0 | AD12: =IFERROR(INDEX(ТЕХ_Списки!$AE$2:$AE$71,MATCH($A12,ТЕХ_Списки!$D$2:$D$71,0)),0) -> 0 | AE12: =IFERROR(INDEX(ТЕХ_Списки!$AF$2:$AF$71,MATCH($A12,ТЕХ_Списки!$D$2:$D$71,0)),0) -> 0 | AF12: =IFERROR(INDEX(ТЕХ_Списки!$AG$2:$AG$71,MATCH($A12,ТЕХ_Списки!$D$2:$D$71,0)),0) -> 0 | AG12: =IFERROR(INDEX(ТЕХ_Списки!$AH$2:$AH$71,MATCH($A12,ТЕХ_Списки!$D$2:$D$71,0)),0) -> 0 | AH12: =IFERROR(INDEX(ТЕХ_Списки!$AI$2:$AI$71,MATCH($A12,ТЕХ_Списки!$D$2:$D$71,0)),0) -> 0 | AI12: =IFERROR(INDEX(ТЕХ_Списки!$AJ$2:$AJ$71,MATCH($A12,ТЕХ_Списки!$D$2:$D$71,0)),0) -> 0 | AJ12: =IFERROR(INDEX(ТЕХ_Списки!$AK$2:$AK$71,MATCH($A12,ТЕХ_Списки!$D$2:$D$71,0)),0) -> 0 | AK12: =IFERROR(INDEX(ТЕХ_Списки!$AL$2:$AL$71,MATCH($A12,ТЕХ_Списки!$D$2:$D$71,0)),0) -> 0 | AL12: =IFERROR(INDEX(ТЕХ_Списки!$AM$2:$AM$71,MATCH($A12,ТЕХ_Списки!$D$2:$D$71,0)),0) -> 0 | AM12: =IFERROR(INDEX(ТЕХ_Списки!$AN$2:$AN$71,MATCH($A12,ТЕХ_Списки!$D$2:$D$71,0)),0) -> 0 | AN12: =IFERROR(INDEX(ТЕХ_Списки!$AO$2:$AO$71,MATCH($A12,ТЕХ_Списки!$D$2:$D$71,0)),0) -> 0 | AO12: =IFERROR(INDEX(ТЕХ_Списки!$AP$2:$AP$71,MATCH($A12,ТЕХ_Списки!$D$2:$D$71,0)),0) -> 0 | AP12: =IFERROR(INDEX(ТЕХ_Списки!$AQ$2:$AQ$71,MATCH($A12,ТЕХ_Списки!$D$2:$D$71,0)),0) -> 0 | AQ12: =IFERROR(INDEX(ТЕХ_Списки!$AR$2:$AR$71,MATCH($A12,ТЕХ_Списки!$D$2:$D$71,0)),0) -> 0 | AR12: =IFERROR(INDEX(ТЕХ_Списки!$AS$2:$AS$71,MATCH($A12,ТЕХ_Списки!$D$2:$D$71,0)),0) -> 0 | AS12: =IFERROR(INDEX(ТЕХ_Списки!$AT$2:$AT$71,MATCH($A12,ТЕХ_Списки!$D$2:$D$71,0)),0) -> 0 | AT12: =IFERROR(INDEX(ТЕХ_Списки!$AU$2:$AU$71,MATCH($A12,ТЕХ_Списки!$D$2:$D$71,0)),0) -> 0 | AU12: =IFERROR(INDEX(ТЕХ_Списки!$AV$2:$AV$71,MATCH($A12,ТЕХ_Списки!$D$2:$D$71,0)),0) -> 0 | AV12: =IFERROR(INDEX(ТЕХ_Списки!$AW$2:$AW$71,MATCH($A12,ТЕХ_Списки!$D$2:$D$71,0)),0) -> 0
A13: =IF(OR('РЕЙД-КОНСТРУКТОР'!C17="",'РЕЙД-КОНСТРУКТОР'!D17=""),"",'РЕЙД-КОНСТРУКТОР'!C17&"§"&'РЕЙД-КОНСТРУКТОР'!D17) | B13: =IF(A13="",0,IF('РЕЙД-КОНСТРУКТОР'!F17="",1,'РЕЙД-КОНСТРУКТОР'!F17)) -> 0 | C13: ='РЕЙД-КОНСТРУКТОР'!E17 | D13: =IFERROR(INDEX(ТЕХ_Списки!$E$2:$E$71,MATCH($A13,ТЕХ_Списки!$D$2:$D$71,0)),0) -> 0 | E13: =IFERROR(INDEX(ТЕХ_Списки!$F$2:$F$71,MATCH($A13,ТЕХ_Списки!$D$2:$D$71,0)),0) -> 0 | F13: =IFERROR(INDEX(ТЕХ_Списки!$G$2:$G$71,MATCH($A13,ТЕХ_Списки!$D$2:$D$71,0)),0) -> 0 | G13: =IFERROR(INDEX(ТЕХ_Списки!$H$2:$H$71,MATCH($A13,ТЕХ_Списки!$D$2:$D$71,0)),0) -> 0 | H13: =IFERROR(INDEX(ТЕХ_Списки!$I$2:$I$71,MATCH($A13,ТЕХ_Списки!$D$2:$D$71,0)),0) -> 0 | I13: =IFERROR(INDEX(ТЕХ_Списки!$J$2:$J$71,MATCH($A13,ТЕХ_Списки!$D$2:$D$71,0)),0) -> 0 | J13: =IFERROR(INDEX(ТЕХ_Списки!$K$2:$K$71,MATCH($A13,ТЕХ_Списки!$D$2:$D$71,0)),0) -> 0 | K13: =IFERROR(INDEX(ТЕХ_Списки!$L$2:$L$71,MATCH($A13,ТЕХ_Списки!$D$2:$D$71,0)),0) -> 0 | L13: =IFERROR(INDEX(ТЕХ_Списки!$M$2:$M$71,MATCH($A13,ТЕХ_Списки!$D$2:$D$71,0)),0) -> 0 | M13: =IFERROR(INDEX(ТЕХ_Списки!$N$2:$N$71,MATCH($A13,ТЕХ_Списки!$D$2:$D$71,0)),0) -> 0 | N13: =IFERROR(INDEX(ТЕХ_Списки!$O$2:$O$71,MATCH($A13,ТЕХ_Списки!$D$2:$D$71,0)),0) -> 0 | O13: =IFERROR(INDEX(ТЕХ_Списки!$P$2:$P$71,MATCH($A13,ТЕХ_Списки!$D$2:$D$71,0)),0) -> 0 | P13: =IFERROR(INDEX(ТЕХ_Списки!$Q$2:$Q$71,MATCH($A13,ТЕХ_Списки!$D$2:$D$71,0)),0) -> 0 | Q13: =IFERROR(INDEX(ТЕХ_Списки!$R$2:$R$71,MATCH($A13,ТЕХ_Списки!$D$2:$D$71,0)),0) -> 0 | R13: =IFERROR(INDEX(ТЕХ_Списки!$S$2:$S$71,MATCH($A13,ТЕХ_Списки!$D$2:$D$71,0)),0) -> 0 | S13: =IFERROR(INDEX(ТЕХ_Списки!$T$2:$T$71,MATCH($A13,ТЕХ_Списки!$D$2:$D$71,0)),0) -> 0 | T13: =IFERROR(INDEX(ТЕХ_Списки!$U$2:$U$71,MATCH($A13,ТЕХ_Списки!$D$2:$D$71,0)),0) -> 0 | U13: =IFERROR(INDEX(ТЕХ_Списки!$V$2:$V$71,MATCH($A13,ТЕХ_Списки!$D$2:$D$71,0)),0) -> 0 | V13: =IFERROR(INDEX(ТЕХ_Списки!$W$2:$W$71,MATCH($A13,ТЕХ_Списки!$D$2:$D$71,0)),0) -> 0 | W13: =IFERROR(INDEX(ТЕХ_Списки!$X$2:$X$71,MATCH($A13,ТЕХ_Списки!$D$2:$D$71,0)),0) -> 0 | X13: =IFERROR(INDEX(ТЕХ_Списки!$Y$2:$Y$71,MATCH($A13,ТЕХ_Списки!$D$2:$D$71,0)),0) -> 0 | Y13: =IFERROR(INDEX(ТЕХ_Списки!$Z$2:$Z$71,MATCH($A13,ТЕХ_Списки!$D$2:$D$71,0)),0) -> 0 | Z13: =IFERROR(INDEX(ТЕХ_Списки!$AA$2:$AA$71,MATCH($A13,ТЕХ_Списки!$D$2:$D$71,0)),0) -> 0 | AA13: =IFERROR(INDEX(ТЕХ_Списки!$AB$2:$AB$71,MATCH($A13,ТЕХ_Списки!$D$2:$D$71,0)),0) -> 0 | AB13: =IFERROR(INDEX(ТЕХ_Списки!$AC$2:$AC$71,MATCH($A13,ТЕХ_Списки!$D$2:$D$71,0)),0) -> 0 | AC13: =IFERROR(INDEX(ТЕХ_Списки!$AD$2:$AD$71,MATCH($A13,ТЕХ_Списки!$D$2:$D$71,0)),0) -> 0 | AD13: =IFERROR(INDEX(ТЕХ_Списки!$AE$2:$AE$71,MATCH($A13,ТЕХ_Списки!$D$2:$D$71,0)),0) -> 0 | AE13: =IFERROR(INDEX(ТЕХ_Списки!$AF$2:$AF$71,MATCH($A13,ТЕХ_Списки!$D$2:$D$71,0)),0) -> 0 | AF13: =IFERROR(INDEX(ТЕХ_Списки!$AG$2:$AG$71,MATCH($A13,ТЕХ_Списки!$D$2:$D$71,0)),0) -> 0 | AG13: =IFERROR(INDEX(ТЕХ_Списки!$AH$2:$AH$71,MATCH($A13,ТЕХ_Списки!$D$2:$D$71,0)),0) -> 0 | AH13: =IFERROR(INDEX(ТЕХ_Списки!$AI$2:$AI$71,MATCH($A13,ТЕХ_Списки!$D$2:$D$71,0)),0) -> 0 | AI13: =IFERROR(INDEX(ТЕХ_Списки!$AJ$2:$AJ$71,MATCH($A13,ТЕХ_Списки!$D$2:$D$71,0)),0) -> 0 | AJ13: =IFERROR(INDEX(ТЕХ_Списки!$AK$2:$AK$71,MATCH($A13,ТЕХ_Списки!$D$2:$D$71,0)),0) -> 0 | AK13: =IFERROR(INDEX(ТЕХ_Списки!$AL$2:$AL$71,MATCH($A13,ТЕХ_Списки!$D$2:$D$71,0)),0) -> 0 | AL13: =IFERROR(INDEX(ТЕХ_Списки!$AM$2:$AM$71,MATCH($A13,ТЕХ_Списки!$D$2:$D$71,0)),0) -> 0 | AM13: =IFERROR(INDEX(ТЕХ_Списки!$AN$2:$AN$71,MATCH($A13,ТЕХ_Списки!$D$2:$D$71,0)),0) -> 0 | AN13: =IFERROR(INDEX(ТЕХ_Списки!$AO$2:$AO$71,MATCH($A13,ТЕХ_Списки!$D$2:$D$71,0)),0) -> 0 | AO13: =IFERROR(INDEX(ТЕХ_Списки!$AP$2:$AP$71,MATCH($A13,ТЕХ_Списки!$D$2:$D$71,0)),0) -> 0 | AP13: =IFERROR(INDEX(ТЕХ_Списки!$AQ$2:$AQ$71,MATCH($A13,ТЕХ_Списки!$D$2:$D$71,0)),0) -> 0 | AQ13: =IFERROR(INDEX(ТЕХ_Списки!$AR$2:$AR$71,MATCH($A13,ТЕХ_Списки!$D$2:$D$71,0)),0) -> 0 | AR13: =IFERROR(INDEX(ТЕХ_Списки!$AS$2:$AS$71,MATCH($A13,ТЕХ_Списки!$D$2:$D$71,0)),0) -> 0 | AS13: =IFERROR(INDEX(ТЕХ_Списки!$AT$2:$AT$71,MATCH($A13,ТЕХ_Списки!$D$2:$D$71,0)),0) -> 0 | AT13: =IFERROR(INDEX(ТЕХ_Списки!$AU$2:$AU$71,MATCH($A13,ТЕХ_Списки!$D$2:$D$71,0)),0) -> 0 | AU13: =IFERROR(INDEX(ТЕХ_Списки!$AV$2:$AV$71,MATCH($A13,ТЕХ_Списки!$D$2:$D$71,0)),0) -> 0 | AV13: =IFERROR(INDEX(ТЕХ_Списки!$AW$2:$AW$71,MATCH($A13,ТЕХ_Списки!$D$2:$D$71,0)),0) -> 0
... A26: =IF(OR('РЕЙД-КОНСТРУКТОР'!C30="",'РЕЙД-КОНСТРУКТОР'!D30=""),"",'РЕЙД-КОНСТРУКТОР'!C30&"§"&'РЕЙД-КОНСТРУКТОР'!D30) | B26: =IF(A26="",0,IF('РЕЙД-КОНСТРУКТОР'!F30="",1,'РЕЙД-КОНСТРУКТОР'!F30)) -> 0 | C26: ='РЕЙД-КОНСТРУКТОР'!E30 | D26: =IFERROR(INDEX(ТЕХ_Списки!$E$2:$E$71,MATCH($A26,ТЕХ_Списки!$D$2:$D$71,0)),0) -> 0 | E26: =IFERROR(INDEX(ТЕХ_Списки!$F$2:$F$71,MATCH($A26,ТЕХ_Списки!$D$2:$D$71,0)),0) -> 0 | F26: =IFERROR(INDEX(ТЕХ_Списки!$G$2:$G$71,MATCH($A26,ТЕХ_Списки!$D$2:$D$71,0)),0) -> 0 | G26: =IFERROR(INDEX(ТЕХ_Списки!$H$2:$H$71,MATCH($A26,ТЕХ_Списки!$D$2:$D$71,0)),0) -> 0 | H26: =IFERROR(INDEX(ТЕХ_Списки!$I$2:$I$71,MATCH($A26,ТЕХ_Списки!$D$2:$D$71,0)),0) -> 0 | I26: =IFERROR(INDEX(ТЕХ_Списки!$J$2:$J$71,MATCH($A26,ТЕХ_Списки!$D$2:$D$71,0)),0) -> 0 | J26: =IFERROR(INDEX(ТЕХ_Списки!$K$2:$K$71,MATCH($A26,ТЕХ_Списки!$D$2:$D$71,0)),0) -> 0 | K26: =IFERROR(INDEX(ТЕХ_Списки!$L$2:$L$71,MATCH($A26,ТЕХ_Списки!$D$2:$D$71,0)),0) -> 0 | L26: =IFERROR(INDEX(ТЕХ_Списки!$M$2:$M$71,MATCH($A26,ТЕХ_Списки!$D$2:$D$71,0)),0) -> 0 | M26: =IFERROR(INDEX(ТЕХ_Списки!$N$2:$N$71,MATCH($A26,ТЕХ_Списки!$D$2:$D$71,0)),0) -> 0 | N26: =IFERROR(INDEX(ТЕХ_Списки!$O$2:$O$71,MATCH($A26,ТЕХ_Списки!$D$2:$D$71,0)),0) -> 0 | O26: =IFERROR(INDEX(ТЕХ_Списки!$P$2:$P$71,MATCH($A26,ТЕХ_Списки!$D$2:$D$71,0)),0) -> 0 | P26: =IFERROR(INDEX(ТЕХ_Списки!$Q$2:$Q$71,MATCH($A26,ТЕХ_Списки!$D$2:$D$71,0)),0) -> 0 | Q26: =IFERROR(INDEX(ТЕХ_Списки!$R$2:$R$71,MATCH($A26,ТЕХ_Списки!$D$2:$D$71,0)),0) -> 0 | R26: =IFERROR(INDEX(ТЕХ_Списки!$S$2:$S$71,MATCH($A26,ТЕХ_Списки!$D$2:$D$71,0)),0) -> 0 | S26: =IFERROR(INDEX(ТЕХ_Списки!$T$2:$T$71,MATCH($A26,ТЕХ_Списки!$D$2:$D$71,0)),0) -> 0 | T26: =IFERROR(INDEX(ТЕХ_Списки!$U$2:$U$71,MATCH($A26,ТЕХ_Списки!$D$2:$D$71,0)),0) -> 0 | U26: =IFERROR(INDEX(ТЕХ_Списки!$V$2:$V$71,MATCH($A26,ТЕХ_Списки!$D$2:$D$71,0)),0) -> 0 | V26: =IFERROR(INDEX(ТЕХ_Списки!$W$2:$W$71,MATCH($A26,ТЕХ_Списки!$D$2:$D$71,0)),0) -> 0 | W26: =IFERROR(INDEX(ТЕХ_Списки!$X$2:$X$71,MATCH($A26,ТЕХ_Списки!$D$2:$D$71,0)),0) -> 0 | X26: =IFERROR(INDEX(ТЕХ_Списки!$Y$2:$Y$71,MATCH($A26,ТЕХ_Списки!$D$2:$D$71,0)),0) -> 0 | Y26: =IFERROR(INDEX(ТЕХ_Списки!$Z$2:$Z$71,MATCH($A26,ТЕХ_Списки!$D$2:$D$71,0)),0) -> 0 | Z26: =IFERROR(INDEX(ТЕХ_Списки!$AA$2:$AA$71,MATCH($A26,ТЕХ_Списки!$D$2:$D$71,0)),0) -> 0 | AA26: =IFERROR(INDEX(ТЕХ_Списки!$AB$2:$AB$71,MATCH($A26,ТЕХ_Списки!$D$2:$D$71,0)),0) -> 0 | AB26: =IFERROR(INDEX(ТЕХ_Списки!$AC$2:$AC$71,MATCH($A26,ТЕХ_Списки!$D$2:$D$71,0)),0) -> 0 | AC26: =IFERROR(INDEX(ТЕХ_Списки!$AD$2:$AD$71,MATCH($A26,ТЕХ_Списки!$D$2:$D$71,0)),0) -> 0 | AD26: =IFERROR(INDEX(ТЕХ_Списки!$AE$2:$AE$71,MATCH($A26,ТЕХ_Списки!$D$2:$D$71,0)),0) -> 0 | AE26: =IFERROR(INDEX(ТЕХ_Списки!$AF$2:$AF$71,MATCH($A26,ТЕХ_Списки!$D$2:$D$71,0)),0) -> 0 | AF26: =IFERROR(INDEX(ТЕХ_Списки!$AG$2:$AG$71,MATCH($A26,ТЕХ_Списки!$D$2:$D$71,0)),0) -> 0 | AG26: =IFERROR(INDEX(ТЕХ_Списки!$AH$2:$AH$71,MATCH($A26,ТЕХ_Списки!$D$2:$D$71,0)),0) -> 0 | AH26: =IFERROR(INDEX(ТЕХ_Списки!$AI$2:$AI$71,MATCH($A26,ТЕХ_Списки!$D$2:$D$71,0)),0) -> 0 | AI26: =IFERROR(INDEX(ТЕХ_Списки!$AJ$2:$AJ$71,MATCH($A26,ТЕХ_Списки!$D$2:$D$71,0)),0) -> 0 | AJ26: =IFERROR(INDEX(ТЕХ_Списки!$AK$2:$AK$71,MATCH($A26,ТЕХ_Списки!$D$2:$D$71,0)),0) -> 0 | AK26: =IFERROR(INDEX(ТЕХ_Списки!$AL$2:$AL$71,MATCH($A26,ТЕХ_Списки!$D$2:$D$71,0)),0) -> 0 | AL26: =IFERROR(INDEX(ТЕХ_Списки!$AM$2:$AM$71,MATCH($A26,ТЕХ_Списки!$D$2:$D$71,0)),0) -> 0 | AM26: =IFERROR(INDEX(ТЕХ_Списки!$AN$2:$AN$71,MATCH($A26,ТЕХ_Списки!$D$2:$D$71,0)),0) -> 0 | AN26: =IFERROR(INDEX(ТЕХ_Списки!$AO$2:$AO$71,MATCH($A26,ТЕХ_Списки!$D$2:$D$71,0)),0) -> 0 | AO26: =IFERROR(INDEX(ТЕХ_Списки!$AP$2:$AP$71,MATCH($A26,ТЕХ_Списки!$D$2:$D$71,0)),0) -> 0 | AP26: =IFERROR(INDEX(ТЕХ_Списки!$AQ$2:$AQ$71,MATCH($A26,ТЕХ_Списки!$D$2:$D$71,0)),0) -> 0 | AQ26: =IFERROR(INDEX(ТЕХ_Списки!$AR$2:$AR$71,MATCH($A26,ТЕХ_Списки!$D$2:$D$71,0)),0) -> 0 | AR26: =IFERROR(INDEX(ТЕХ_Списки!$AS$2:$AS$71,MATCH($A26,ТЕХ_Списки!$D$2:$D$71,0)),0) -> 0 | AS26: =IFERROR(INDEX(ТЕХ_Списки!$AT$2:$AT$71,MATCH($A26,ТЕХ_Списки!$D$2:$D$71,0)),0) -> 0 | AT26: =IFERROR(INDEX(ТЕХ_Списки!$AU$2:$AU$71,MATCH($A26,ТЕХ_Списки!$D$2:$D$71,0)),0) -> 0 | AU26: =IFERROR(INDEX(ТЕХ_Списки!$AV$2:$AV$71,MATCH($A26,ТЕХ_Списки!$D$2:$D$71,0)),0) -> 0 | AV26: =IFERROR(INDEX(ТЕХ_Списки!$AW$2:$AW$71,MATCH($A26,ТЕХ_Списки!$D$2:$D$71,0)),0) -> 0
A43: ИТОГО ЭФФЕКТОВ | D43: =SUMPRODUCT(D$2:D$26,$B$2:$B$26) -> 0 | E43: =SUMPRODUCT(E$2:E$26,$B$2:$B$26) -> 0 | F43: =SUMPRODUCT(F$2:F$26,$B$2:$B$26) -> 0 | G43: =SUMPRODUCT(G$2:G$26,$B$2:$B$26) -> 0 | H43: =SUMPRODUCT(H$2:H$26,$B$2:$B$26) -> 0 | I43: =SUMPRODUCT(I$2:I$26,$B$2:$B$26) -> 0 | J43: =SUMPRODUCT(J$2:J$26,$B$2:$B$26) -> 0 | K43: =SUMPRODUCT(K$2:K$26,$B$2:$B$26) -> 0 | ... AV43: =SUMPRODUCT(AV$2:AV$26,$B$2:$B$26) -> 0
A44: НЕ ХВАТАЕТ (1/0) | D44: =--(D43=0) -> 1 | E44: =--(E43=0) -> 1 | F44: =--(F43=0) -> 1 | G44: =--(G43=0) -> 1 | H44: =--(H43=0) -> 1 | I44: =--(I43=0) -> 1 | J44: =--(J43=0) -> 1 | K44: =--(K43=0) -> 1 | ... AV44: =--(AV43=0) -> 1
A45: ВЕСА | D45: ='РЕЙД-КОНСТРУКТОР'!N6 -> 3 | E45: ='РЕЙД-КОНСТРУКТОР'!N7 -> 2 | F45: ='РЕЙД-КОНСТРУКТОР'!N8 -> 2 | G45: ='РЕЙД-КОНСТРУКТОР'!N9 -> 2 | H45: ='РЕЙД-КОНСТРУКТОР'!N10 -> 2 | I45: ='РЕЙД-КОНСТРУКТОР'!N11 -> 2 | J45: ='РЕЙД-КОНСТРУКТОР'!N12 -> 3 | K45: ='РЕЙД-КОНСТРУКТОР'!N13 -> 3 | L45: ='РЕЙД-КОНСТРУКТОР'!N14 -> 2 | M45: ='РЕЙД-КОНСТРУКТОР'!N15 -> 2 | N45: ='РЕЙД-КОНСТРУКТОР'!N16 -> 2 | O45: ='РЕЙД-КОНСТРУКТОР'!N17 -> 3 | P45: ='РЕЙД-КОНСТРУКТОР'!N18 -> 2 | Q45: ='РЕЙД-КОНСТРУКТОР'!N19 -> 3 | R45: ='РЕЙД-КОНСТРУКТОР'!N20 -> 1 | S45: ='РЕЙД-КОНСТРУКТОР'!N21 -> 3 | T45: ='РЕЙД-КОНСТРУКТОР'!N22 -> 3 | U45: ='РЕЙД-КОНСТРУКТОР'!N23 -> 1 | V45: ='РЕЙД-КОНСТРУКТОР'!N24 -> 1 | W45: ='РЕЙД-КОНСТРУКТОР'!N25 -> 1 | X45: ='РЕЙД-КОНСТРУКТОР'!N26 -> 1 | Y45: ='РЕЙД-КОНСТРУКТОР'!N27 -> 1 | Z45: ='РЕЙД-КОНСТРУКТОР'!N28 -> 1 | AA45: ='РЕЙД-КОНСТРУКТОР'!N29 -> 1 | AB45: ='РЕЙД-КОНСТРУКТОР'!N30 -> 3 | AC45: ='РЕЙД-КОНСТРУКТОР'!N31 -> 1 | AD45: ='РЕЙД-КОНСТРУКТОР'!N32 -> 1 | AE45: ='РЕЙД-КОНСТРУКТОР'!N33 -> 1 | AF45: ='РЕЙД-КОНСТРУКТОР'!N34 -> 1 | AG45: ='РЕЙД-КОНСТРУКТОР'!N35 -> 3 | AH45: ='РЕЙД-КОНСТРУКТОР'!N36 -> 3 | AI45: ='РЕЙД-КОНСТРУКТОР'!N37 -> 3 | AJ45: ='РЕЙД-КОНСТРУКТОР'!N38 -> 3 | AK45: ='РЕЙД-КОНСТРУКТОР'!N39 -> 1 | AL45: ='РЕЙД-КОНСТРУКТОР'!N40 -> 3 | AM45: ='РЕЙД-КОНСТРУКТОР'!N41 -> 3 | AN45: ='РЕЙД-КОНСТРУКТОР'!N42 -> 3 | AO45: ='РЕЙД-КОНСТРУКТОР'!N43 -> 3 | AP45: ='РЕЙД-КОНСТРУКТОР'!N44 -> 3 | AQ45: ='РЕЙД-КОНСТРУКТОР'!N45 -> 3 | AR45: ='РЕЙД-КОНСТРУКТОР'!N46 -> 3 | AS45: ='РЕЙД-КОНСТРУКТОР'!N47 -> 1 | AT45: ='РЕЙД-КОНСТРУКТОР'!N48 -> 1 | AU45: ='РЕЙД-КОНСТРУКТОР'!N49 -> 1 | AV45: ='РЕЙД-КОНСТРУКТОР'!N50 -> 3
A49: Класс | B49: Спек | C49: Роль | D49: Ключ | E49: Уже выбран | F49: Новых эффектов | G49: Приоритетный балл | H49: Роль подходит | I49: Итоговый балл | J49: Ранг | K49: Что закрывает
A50: Barbarian | B50: Ancestry | C50: Саппорт | D50: Barbarian§Ancestry | E50: =COUNTIF($A$2:$A$26,D50) -> 0 | F50: =SUMPRODUCT(ТЕХ_Списки!E2:AW2,$D$44:$AV$44) -> 7 | G50: =SUMPRODUCT(ТЕХ_Списки!E2:AW2,$D$44:$AV$44,$D$45:$AV$45) -> 16 | H50: =IF(OR('РЕЙД-КОНСТРУКТОР'!$C$3="Любая",'РЕЙД-КОНСТРУКТОР'!$C$3=C50),1,0) -> 1 | I50: =IF(OR(E50>0,H50=0,F50=0),-1,G50*100+F50) -> 1607 | J50: =IF(I50<0,"",_xludf.RANK.EQ(I50,$I$50:$I$119,0)+COUNTIF($I$50:I50,I50)-1) -> #NAME? | K50: =IF(F50=0,"—",_xludf.TEXTJOIN(", ",TRUE,IF(AND(ТЕХ_Списки!E2=1,$D$44=1),ТЕХ_Списки!E$1,""),IF(AND(ТЕХ_Списки!F2=1,$E$44=1),ТЕХ_Списки!F$1,""),IF(AND(ТЕХ_Списки!G2=1,$F$44=1),ТЕХ_Списки!G$1,""),IF(AND(ТЕХ_Списки!H2=1,$G$44=1),ТЕХ_Списки!H$1,""),IF(AND(ТЕХ_Списки!I2=1,$H$44=1),ТЕХ_Списки!I$1,""),IF(AND(ТЕХ_Списки!J2=1,$I$44=1),ТЕХ_Списки!J$1,""),IF(AND(ТЕХ_Списки!K2=1,$J$44=1),ТЕХ_Списки!K$1,""),IF(AND(ТЕХ_Списки!L2=1,$K$44=1),ТЕХ_Списки!L$1,""),IF(AND(ТЕХ_Списки!M2=1,$L$44=1),ТЕХ_Списки!M$1,""),IF(AND(ТЕХ_Списки!N2=1,$M$44=1),ТЕХ_Списки!N$1,""),IF(AND(ТЕХ_Списки!O2=1,$N$44=1),ТЕХ_Списки!O$1,""),IF(AND(ТЕХ_Списки!P2=1,$O$44=1),ТЕХ_Списки!P$1,""),IF(AND(ТЕХ_Списки!Q2=1,$P$44=1),ТЕХ_Списки!Q$1,""),IF(AND(ТЕХ_Списки!R2=1,$Q$44=1),ТЕХ_Списки!R$1,""),IF(AND(ТЕХ_Списки!S2=1,$R$44=1),ТЕХ_Списки!S$1,""),IF(AND(ТЕХ_Списки!T2=1,$S$44=1),ТЕХ_Списки!T$1,""),IF(AND(ТЕХ_Списки!U2=1,$T$44=1),ТЕХ_Списки!U$1,""),IF(AND(ТЕХ_Списки!V2=1,$U$44=1),ТЕХ_Списки!V$1,""),IF(AND(ТЕХ_Списки!W2=1,$V$44=1),ТЕХ_Списки!W$1,""),IF(AND(ТЕХ_Списки!X2=1,$W$44=1),ТЕХ_Списки!X$1,""),IF(AND(ТЕХ_Списки!Y2=1,$X$44=1),ТЕХ_Списки!Y$1,""),IF(AND(ТЕХ_Списки!Z2=1,$Y$44=1),ТЕХ_Списки!Z$1,""),IF(AND(ТЕХ_Списки!AA2=1,$Z$44=1),ТЕХ_Списки!AA$1,""),IF(AND(ТЕХ_Списки!AB2=1,$AA$44=1),ТЕХ_Списки!AB$1,""),IF(AND(ТЕХ_Списки!AC2=1,$AB$44=1),ТЕХ_Списки!AC$1,""),IF(AND(ТЕХ_Списки!AD2=1,$AC$44=1),ТЕХ_Списки!AD$1,""),IF(AND(ТЕХ_Списки!AE2=1,$AD$44=1),ТЕХ_Списки!AE$1,""),IF(AND(ТЕХ_Списки!AF2=1,$AE$44=1),ТЕХ_Списки!AF$1,""),IF(AND(ТЕХ_Списки!AG2=1,$AF$44=1),ТЕХ_Списки!AG$1,""),IF(AND(ТЕХ_Списки!AH2=1,$AG$44=1),ТЕХ_Списки!AH$1,""),IF(AND(ТЕХ_Списки!AI2=1,$AH$44=1),ТЕХ_Списки!AI$1,""),IF(AND(ТЕХ_Списки!AJ2=1,$AI$44=1),ТЕХ_Списки!AJ$1,""),IF(AND(ТЕХ_Списки!AK2=1,$AJ$44=1),ТЕХ_Списки!AK$1,""),IF(AND(ТЕХ_Списки!AL2=1,$AK$44=1),ТЕХ_Списки!AL$1,""),IF(AND(ТЕХ_Списки!AM2=1,$AL$44=1),ТЕХ_Списки!AM$1,""),IF(AND(ТЕХ_Списки!AN2=1,$AM$44=1),ТЕХ_Списки!AN$1,""),IF(AND(ТЕХ_Списки!AO2=1,$AN$44=1),ТЕХ_Списки!AO$1,""),IF(AND(ТЕХ_Списки!AP2=1,$AO$44=1),ТЕХ_Списки!AP$1,""),IF(AND(ТЕХ_Списки!AQ2=1,$AP$44=1),ТЕХ_Списки!AQ$1,""),IF(AND(ТЕХ_Списки!AR2=1,$AQ$44=1),ТЕХ_Списки!AR$1,""),IF(AND(ТЕХ_Списки!AS2=1,$AR$44=1),ТЕХ_Списки!AS$1,""),IF(AND(ТЕХ_Списки!AT2=1,$AS$44=1),ТЕХ_Списки!AT$1,""),IF(AND(ТЕХ_Списки!AU2=1,$AT$44=1),ТЕХ_Списки!AU$1,""),IF(AND(ТЕХ_Списки!AV2=1,$AU$44=1),ТЕХ_Списки!AV$1,""),IF(AND(ТЕХ_Списки!AW2=1,$AV$44=1),ТЕХ_Списки!AW$1,""))) -> #NAME?
A51: Barbarian | B51: Brutality | C51: Мили-DPS | D51: Barbarian§Brutality | E51: =COUNTIF($A$2:$A$26,D51) -> 0 | F51: =SUMPRODUCT(ТЕХ_Списки!E3:AW3,$D$44:$AV$44) -> 8 | G51: =SUMPRODUCT(ТЕХ_Списки!E3:AW3,$D$44:$AV$44,$D$45:$AV$45) -> 17 | H51: =IF(OR('РЕЙД-КОНСТРУКТОР'!$C$3="Любая",'РЕЙД-КОНСТРУКТОР'!$C$3=C51),1,0) -> 1 | I51: =IF(OR(E51>0,H51=0,F51=0),-1,G51*100+F51) -> 1708 | J51: =IF(I51<0,"",_xludf.RANK.EQ(I51,$I$50:$I$119,0)+COUNTIF($I$50:I51,I51)-1) -> #NAME? | K51: =IF(F51=0,"—",_xludf.TEXTJOIN(", ",TRUE,IF(AND(ТЕХ_Списки!E3=1,$D$44=1),ТЕХ_Списки!E$1,""),IF(AND(ТЕХ_Списки!F3=1,$E$44=1),ТЕХ_Списки!F$1,""),IF(AND(ТЕХ_Списки!G3=1,$F$44=1),ТЕХ_Списки!G$1,""),IF(AND(ТЕХ_Списки!H3=1,$G$44=1),ТЕХ_Списки!H$1,""),IF(AND(ТЕХ_Списки!I3=1,$H$44=1),ТЕХ_Списки!I$1,""),IF(AND(ТЕХ_Списки!J3=1,$I$44=1),ТЕХ_Списки!J$1,""),IF(AND(ТЕХ_Списки!K3=1,$J$44=1),ТЕХ_Списки!K$1,""),IF(AND(ТЕХ_Списки!L3=1,$K$44=1),ТЕХ_Списки!L$1,""),IF(AND(ТЕХ_Списки!M3=1,$L$44=1),ТЕХ_Списки!M$1,""),IF(AND(ТЕХ_Списки!N3=1,$M$44=1),ТЕХ_Списки!N$1,""),IF(AND(ТЕХ_Списки!O3=1,$N$44=1),ТЕХ_Списки!O$1,""),IF(AND(ТЕХ_Списки!P3=1,$O$44=1),ТЕХ_Списки!P$1,""),IF(AND(ТЕХ_Списки!Q3=1,$P$44=1),ТЕХ_Списки!Q$1,""),IF(AND(ТЕХ_Списки!R3=1,$Q$44=1),ТЕХ_Списки!R$1,""),IF(AND(ТЕХ_Списки!S3=1,$R$44=1),ТЕХ_Списки!S$1,""),IF(AND(ТЕХ_Списки!T3=1,$S$44=1),ТЕХ_Списки!T$1,""),IF(AND(ТЕХ_Списки!U3=1,$T$44=1),ТЕХ_Списки!U$1,""),IF(AND(ТЕХ_Списки!V3=1,$U$44=1),ТЕХ_Списки!V$1,""),IF(AND(ТЕХ_Списки!W3=1,$V$44=1),ТЕХ_Списки!W$1,""),IF(AND(ТЕХ_Списки!X3=1,$W$44=1),ТЕХ_Списки!X$1,""),IF(AND(ТЕХ_Списки!Y3=1,$X$44=1),ТЕХ_Списки!Y$1,""),IF(AND(ТЕХ_Списки!Z3=1,$Y$44=1),ТЕХ_Списки!Z$1,""),IF(AND(ТЕХ_Списки!AA3=1,$Z$44=1),ТЕХ_Списки!AA$1,""),IF(AND(ТЕХ_Списки!AB3=1,$AA$44=1),ТЕХ_Списки!AB$1,""),IF(AND(ТЕХ_Списки!AC3=1,$AB$44=1),ТЕХ_Списки!AC$1,""),IF(AND(ТЕХ_Списки!AD3=1,$AC$44=1),ТЕХ_Списки!AD$1,""),IF(AND(ТЕХ_Списки!AE3=1,$AD$44=1),ТЕХ_Списки!AE$1,""),IF(AND(ТЕХ_Списки!AF3=1,$AE$44=1),ТЕХ_Списки!AF$1,""),IF(AND(ТЕХ_Списки!AG3=1,$AF$44=1),ТЕХ_Списки!AG$1,""),IF(AND(ТЕХ_Списки!AH3=1,$AG$44=1),ТЕХ_Списки!AH$1,""),IF(AND(ТЕХ_Списки!AI3=1,$AH$44=1),ТЕХ_Списки!AI$1,""),IF(AND(ТЕХ_Списки!AJ3=1,$AI$44=1),ТЕХ_Списки!AJ$1,""),IF(AND(ТЕХ_Списки!AK3=1,$AJ$44=1),ТЕХ_Списки!AK$1,""),IF(AND(ТЕХ_Списки!AL3=1,$AK$44=1),ТЕХ_Списки!AL$1,""),IF(AND(ТЕХ_Списки!AM3=1,$AL$44=1),ТЕХ_Списки!AM$1,""),IF(AND(ТЕХ_Списки!AN3=1,$AM$44=1),ТЕХ_Списки!AN$1,""),IF(AND(ТЕХ_Списки!AO3=1,$AN$44=1),ТЕХ_Списки!AO$1,""),IF(AND(ТЕХ_Списки!AP3=1,$AO$44=1),ТЕХ_Списки!AP$1,""),IF(AND(ТЕХ_Списки!AQ3=1,$AP$44=1),ТЕХ_Списки!AQ$1,""),IF(AND(ТЕХ_Списки!AR3=1,$AQ$44=1),ТЕХ_Списки!AR$1,""),IF(AND(ТЕХ_Списки!AS3=1,$AR$44=1),ТЕХ_Списки!AS$1,""),IF(AND(ТЕХ_Списки!AT3=1,$AS$44=1),ТЕХ_Списки!AT$1,""),IF(AND(ТЕХ_Списки!AU3=1,$AT$44=1),ТЕХ_Списки!AU$1,""),IF(AND(ТЕХ_Списки!AV3=1,$AU$44=1),ТЕХ_Списки!AV$1,""),IF(AND(ТЕХ_Списки!AW3=1,$AV$44=1),ТЕХ_Списки!AW$1,""))) -> #NAME?
A52: Barbarian | B52: Headhunting | C52: Рейндж/кастер | D52: Barbarian§Headhunting | E52: =COUNTIF($A$2:$A$26,D52) -> 0 | F52: =SUMPRODUCT(ТЕХ_Списки!E4:AW4,$D$44:$AV$44) -> 8 | G52: =SUMPRODUCT(ТЕХ_Списки!E4:AW4,$D$44:$AV$44,$D$45:$AV$45) -> 15 | H52: =IF(OR('РЕЙД-КОНСТРУКТОР'!$C$3="Любая",'РЕЙД-КОНСТРУКТОР'!$C$3=C52),1,0) -> 1 | I52: =IF(OR(E52>0,H52=0,F52=0),-1,G52*100+F52) -> 1508 | J52: =IF(I52<0,"",_xludf.RANK.EQ(I52,$I$50:$I$119,0)+COUNTIF($I$50:I52,I52)-1) -> #NAME? | K52: =IF(F52=0,"—",_xludf.TEXTJOIN(", ",TRUE,IF(AND(ТЕХ_Списки!E4=1,$D$44=1),ТЕХ_Списки!E$1,""),IF(AND(ТЕХ_Списки!F4=1,$E$44=1),ТЕХ_Списки!F$1,""),IF(AND(ТЕХ_Списки!G4=1,$F$44=1),ТЕХ_Списки!G$1,""),IF(AND(ТЕХ_Списки!H4=1,$G$44=1),ТЕХ_Списки!H$1,""),IF(AND(ТЕХ_Списки!I4=1,$H$44=1),ТЕХ_Списки!I$1,""),IF(AND(ТЕХ_Списки!J4=1,$I$44=1),ТЕХ_Списки!J$1,""),IF(AND(ТЕХ_Списки!K4=1,$J$44=1),ТЕХ_Списки!K$1,""),IF(AND(ТЕХ_Списки!L4=1,$K$44=1),ТЕХ_Списки!L$1,""),IF(AND(ТЕХ_Списки!M4=1,$L$44=1),ТЕХ_Списки!M$1,""),IF(AND(ТЕХ_Списки!N4=1,$M$44=1),ТЕХ_Списки!N$1,""),IF(AND(ТЕХ_Списки!O4=1,$N$44=1),ТЕХ_Списки!O$1,""),IF(AND(ТЕХ_Списки!P4=1,$O$44=1),ТЕХ_Списки!P$1,""),IF(AND(ТЕХ_Списки!Q4=1,$P$44=1),ТЕХ_Списки!Q$1,""),IF(AND(ТЕХ_Списки!R4=1,$Q$44=1),ТЕХ_Списки!R$1,""),IF(AND(ТЕХ_Списки!S4=1,$R$44=1),ТЕХ_Списки!S$1,""),IF(AND(ТЕХ_Списки!T4=1,$S$44=1),ТЕХ_Списки!T$1,""),IF(AND(ТЕХ_Списки!U4=1,$T$44=1),ТЕХ_Списки!U$1,""),IF(AND(ТЕХ_Списки!V4=1,$U$44=1),ТЕХ_Списки!V$1,""),IF(AND(ТЕХ_Списки!W4=1,$V$44=1),ТЕХ_Списки!W$1,""),IF(AND(ТЕХ_Списки!X4=1,$W$44=1),ТЕХ_Списки!X$1,""),IF(AND(ТЕХ_Списки!Y4=1,$X$44=1),ТЕХ_Списки!Y$1,""),IF(AND(ТЕХ_Списки!Z4=1,$Y$44=1),ТЕХ_Списки!Z$1,""),IF(AND(ТЕХ_Списки!AA4=1,$Z$44=1),ТЕХ_Списки!AA$1,""),IF(AND(ТЕХ_Списки!AB4=1,$AA$44=1),ТЕХ_Списки!AB$1,""),IF(AND(ТЕХ_Списки!AC4=1,$AB$44=1),ТЕХ_Списки!AC$1,""),IF(AND(ТЕХ_Списки!AD4=1,$AC$44=1),ТЕХ_Списки!AD$1,""),IF(AND(ТЕХ_Списки!AE4=1,$AD$44=1),ТЕХ_Списки!AE$1,""),IF(AND(ТЕХ_Списки!AF4=1,$AE$44=1),ТЕХ_Списки!AF$1,""),IF(AND(ТЕХ_Списки!AG4=1,$AF$44=1),ТЕХ_Списки!AG$1,""),IF(AND(ТЕХ_Списки!AH4=1,$AG$44=1),ТЕХ_Списки!AH$1,""),IF(AND(ТЕХ_Списки!AI4=1,$AH$44=1),ТЕХ_Списки!AI$1,""),IF(AND(ТЕХ_Списки!AJ4=1,$AI$44=1),ТЕХ_Списки!AJ$1,""),IF(AND(ТЕХ_Списки!AK4=1,$AJ$44=1),ТЕХ_Списки!AK$1,""),IF(AND(ТЕХ_Списки!AL4=1,$AK$44=1),ТЕХ_Списки!AL$1,""),IF(AND(ТЕХ_Списки!AM4=1,$AL$44=1),ТЕХ_Списки!AM$1,""),IF(AND(ТЕХ_Списки!AN4=1,$AM$44=1),ТЕХ_Списки!AN$1,""),IF(AND(ТЕХ_Списки!AO4=1,$AN$44=1),ТЕХ_Списки!AO$1,""),IF(AND(ТЕХ_Списки!AP4=1,$AO$44=1),ТЕХ_Списки!AP$1,""),IF(AND(ТЕХ_Списки!AQ4=1,$AP$44=1),ТЕХ_Списки!AQ$1,""),IF(AND(ТЕХ_Списки!AR4=1,$AQ$44=1),ТЕХ_Списки!AR$1,""),IF(AND(ТЕХ_Списки!AS4=1,$AR$44=1),ТЕХ_Списки!AS$1,""),IF(AND(ТЕХ_Списки!AT4=1,$AS$44=1),ТЕХ_Списки!AT$1,""),IF(AND(ТЕХ_Списки!AU4=1,$AT$44=1),ТЕХ_Списки!AU$1,""),IF(AND(ТЕХ_Списки!AV4=1,$AU$44=1),ТЕХ_Списки!AV$1,""),IF(AND(ТЕХ_Списки!AW4=1,$AV$44=1),ТЕХ_Списки!AW$1,""))) -> #NAME?
A53: Witch Doctor | B53: Shadowhunting | C53: Рейндж/кастер | D53: Witch Doctor§Shadowhunting | E53: =COUNTIF($A$2:$A$26,D53) -> 0 | F53: =SUMPRODUCT(ТЕХ_Списки!E5:AW5,$D$44:$AV$44) -> 10 | G53: =SUMPRODUCT(ТЕХ_Списки!E5:AW5,$D$44:$AV$44,$D$45:$AV$45) -> 21 | H53: =IF(OR('РЕЙД-КОНСТРУКТОР'!$C$3="Любая",'РЕЙД-КОНСТРУКТОР'!$C$3=C53),1,0) -> 1 | I53: =IF(OR(E53>0,H53=0,F53=0),-1,G53*100+F53) -> 2110 | J53: =IF(I53<0,"",_xludf.RANK.EQ(I53,$I$50:$I$119,0)+COUNTIF($I$50:I53,I53)-1) -> #NAME? | K53: =IF(F53=0,"—",_xludf.TEXTJOIN(", ",TRUE,IF(AND(ТЕХ_Списки!E5=1,$D$44=1),ТЕХ_Списки!E$1,""),IF(AND(ТЕХ_Списки!F5=1,$E$44=1),ТЕХ_Списки!F$1,""),IF(AND(ТЕХ_Списки!G5=1,$F$44=1),ТЕХ_Списки!G$1,""),IF(AND(ТЕХ_Списки!H5=1,$G$44=1),ТЕХ_Списки!H$1,""),IF(AND(ТЕХ_Списки!I5=1,$H$44=1),ТЕХ_Списки!I$1,""),IF(AND(ТЕХ_Списки!J5=1,$I$44=1),ТЕХ_Списки!J$1,""),IF(AND(ТЕХ_Списки!K5=1,$J$44=1),ТЕХ_Списки!K$1,""),IF(AND(ТЕХ_Списки!L5=1,$K$44=1),ТЕХ_Списки!L$1,""),IF(AND(ТЕХ_Списки!M5=1,$L$44=1),ТЕХ_Списки!M$1,""),IF(AND(ТЕХ_Списки!N5=1,$M$44=1),ТЕХ_Списки!N$1,""),IF(AND(ТЕХ_Списки!O5=1,$N$44=1),ТЕХ_Списки!O$1,""),IF(AND(ТЕХ_Списки!P5=1,$O$44=1),ТЕХ_Списки!P$1,""),IF(AND(ТЕХ_Списки!Q5=1,$P$44=1),ТЕХ_Списки!Q$1,""),IF(AND(ТЕХ_Списки!R5=1,$Q$44=1),ТЕХ_Списки!R$1,""),IF(AND(ТЕХ_Списки!S5=1,$R$44=1),ТЕХ_Списки!S$1,""),IF(AND(ТЕХ_Списки!T5=1,$S$44=1),ТЕХ_Списки!T$1,""),IF(AND(ТЕХ_Списки!U5=1,$T$44=1),ТЕХ_Списки!U$1,""),IF(AND(ТЕХ_Списки!V5=1,$U$44=1),ТЕХ_Списки!V$1,""),IF(AND(ТЕХ_Списки!W5=1,$V$44=1),ТЕХ_Списки!W$1,""),IF(AND(ТЕХ_Списки!X5=1,$W$44=1),ТЕХ_Списки!X$1,""),IF(AND(ТЕХ_Списки!Y5=1,$X$44=1),ТЕХ_Списки!Y$1,""),IF(AND(ТЕХ_Списки!Z5=1,$Y$44=1),ТЕХ_Списки!Z$1,""),IF(AND(ТЕХ_Списки!AA5=1,$Z$44=1),ТЕХ_Списки!AA$1,""),IF(AND(ТЕХ_Списки!AB5=1,$AA$44=1),ТЕХ_Списки!AB$1,""),IF(AND(ТЕХ_Списки!AC5=1,$AB$44=1),ТЕХ_Списки!AC$1,""),IF(AND(ТЕХ_Списки!AD5=1,$AC$44=1),ТЕХ_Списки!AD$1,""),IF(AND(ТЕХ_Списки!AE5=1,$AD$44=1),ТЕХ_Списки!AE$1,""),IF(AND(ТЕХ_Списки!AF5=1,$AE$44=1),ТЕХ_Списки!AF$1,""),IF(AND(ТЕХ_Списки!AG5=1,$AF$44=1),ТЕХ_Списки!AG$1,""),IF(AND(ТЕХ_Списки!AH5=1,$AG$44=1),ТЕХ_Списки!AH$1,""),IF(AND(ТЕХ_Списки!AI5=1,$AH$44=1),ТЕХ_Списки!AI$1,""),IF(AND(ТЕХ_Списки!AJ5=1,$AI$44=1),ТЕХ_Списки!AJ$1,""),IF(AND(ТЕХ_Списки!AK5=1,$AJ$44=1),ТЕХ_Списки!AK$1,""),IF(AND(ТЕХ_Списки!AL5=1,$AK$44=1),ТЕХ_Списки!AL$1,""),IF(AND(ТЕХ_Списки!AM5=1,$AL$44=1),ТЕХ_Списки!AM$1,""),IF(AND(ТЕХ_Списки!AN5=1,$AM$44=1),ТЕХ_Списки!AN$1,""),IF(AND(ТЕХ_Списки!AO5=1,$AN$44=1),ТЕХ_Списки!AO$1,""),IF(AND(ТЕХ_Списки!AP5=1,$AO$44=1),ТЕХ_Списки!AP$1,""),IF(AND(ТЕХ_Списки!AQ5=1,$AP$44=1),ТЕХ_Списки!AQ$1,""),IF(AND(ТЕХ_Списки!AR5=1,$AQ$44=1),ТЕХ_Списки!AR$1,""),IF(AND(ТЕХ_Списки!AS5=1,$AR$44=1),ТЕХ_Списки!AS$1,""),IF(AND(ТЕХ_Списки!AT5=1,$AS$44=1),ТЕХ_Списки!AT$1,""),IF(AND(ТЕХ_Списки!AU5=1,$AT$44=1),ТЕХ_Списки!AU$1,""),IF(AND(ТЕХ_Списки!AV5=1,$AU$44=1),ТЕХ_Списки!AV$1,""),IF(AND(ТЕХ_Списки!AW5=1,$AV$44=1),ТЕХ_Списки!AW$1,""))) -> #NAME?
A54: Witch Doctor | B54: Voodoo | C54: Рейндж/кастер | D54: Witch Doctor§Voodoo | E54: =COUNTIF($A$2:$A$26,D54) -> 0 | F54: =SUMPRODUCT(ТЕХ_Списки!E6:AW6,$D$44:$AV$44) -> 10 | G54: =SUMPRODUCT(ТЕХ_Списки!E6:AW6,$D$44:$AV$44,$D$45:$AV$45) -> 21 | H54: =IF(OR('РЕЙД-КОНСТРУКТОР'!$C$3="Любая",'РЕЙД-КОНСТРУКТОР'!$C$3=C54),1,0) -> 1 | I54: =IF(OR(E54>0,H54=0,F54=0),-1,G54*100+F54) -> 2110 | J54: =IF(I54<0,"",_xludf.RANK.EQ(I54,$I$50:$I$119,0)+COUNTIF($I$50:I54,I54)-1) -> #NAME? | K54: =IF(F54=0,"—",_xludf.TEXTJOIN(", ",TRUE,IF(AND(ТЕХ_Списки!E6=1,$D$44=1),ТЕХ_Списки!E$1,""),IF(AND(ТЕХ_Списки!F6=1,$E$44=1),ТЕХ_Списки!F$1,""),IF(AND(ТЕХ_Списки!G6=1,$F$44=1),ТЕХ_Списки!G$1,""),IF(AND(ТЕХ_Списки!H6=1,$G$44=1),ТЕХ_Списки!H$1,""),IF(AND(ТЕХ_Списки!I6=1,$H$44=1),ТЕХ_Списки!I$1,""),IF(AND(ТЕХ_Списки!J6=1,$I$44=1),ТЕХ_Списки!J$1,""),IF(AND(ТЕХ_Списки!K6=1,$J$44=1),ТЕХ_Списки!K$1,""),IF(AND(ТЕХ_Списки!L6=1,$K$44=1),ТЕХ_Списки!L$1,""),IF(AND(ТЕХ_Списки!M6=1,$L$44=1),ТЕХ_Списки!M$1,""),IF(AND(ТЕХ_Списки!N6=1,$M$44=1),ТЕХ_Списки!N$1,""),IF(AND(ТЕХ_Списки!O6=1,$N$44=1),ТЕХ_Списки!O$1,""),IF(AND(ТЕХ_Списки!P6=1,$O$44=1),ТЕХ_Списки!P$1,""),IF(AND(ТЕХ_Списки!Q6=1,$P$44=1),ТЕХ_Списки!Q$1,""),IF(AND(ТЕХ_Списки!R6=1,$Q$44=1),ТЕХ_Списки!R$1,""),IF(AND(ТЕХ_Списки!S6=1,$R$44=1),ТЕХ_Списки!S$1,""),IF(AND(ТЕХ_Списки!T6=1,$S$44=1),ТЕХ_Списки!T$1,""),IF(AND(ТЕХ_Списки!U6=1,$T$44=1),ТЕХ_Списки!U$1,""),IF(AND(ТЕХ_Списки!V6=1,$U$44=1),ТЕХ_Списки!V$1,""),IF(AND(ТЕХ_Списки!W6=1,$V$44=1),ТЕХ_Списки!W$1,""),IF(AND(ТЕХ_Списки!X6=1,$W$44=1),ТЕХ_Списки!X$1,""),IF(AND(ТЕХ_Списки!Y6=1,$X$44=1),ТЕХ_Списки!Y$1,""),IF(AND(ТЕХ_Списки!Z6=1,$Y$44=1),ТЕХ_Списки!Z$1,""),IF(AND(ТЕХ_Списки!AA6=1,$Z$44=1),ТЕХ_Списки!AA$1,""),IF(AND(ТЕХ_Списки!AB6=1,$AA$44=1),ТЕХ_Списки!AB$1,""),IF(AND(ТЕХ_Списки!AC6=1,$AB$44=1),ТЕХ_Списки!AC$1,""),IF(AND(ТЕХ_Списки!AD6=1,$AC$44=1),ТЕХ_Списки!AD$1,""),IF(AND(ТЕХ_Списки!AE6=1,$AD$44=1),ТЕХ_Списки!AE$1,""),IF(AND(ТЕХ_Списки!AF6=1,$AE$44=1),ТЕХ_Списки!AF$1,""),IF(AND(ТЕХ_Списки!AG6=1,$AF$44=1),ТЕХ_Списки!AG$1,""),IF(AND(ТЕХ_Списки!AH6=1,$AG$44=1),ТЕХ_Списки!AH$1,""),IF(AND(ТЕХ_Списки!AI6=1,$AH$44=1),ТЕХ_Списки!AI$1,""),IF(AND(ТЕХ_Списки!AJ6=1,$AI$44=1),ТЕХ_Списки!AJ$1,""),IF(AND(ТЕХ_Списки!AK6=1,$AJ$44=1),ТЕХ_Списки!AK$1,""),IF(AND(ТЕХ_Списки!AL6=1,$AK$44=1),ТЕХ_Списки!AL$1,""),IF(AND(ТЕХ_Списки!AM6=1,$AL$44=1),ТЕХ_Списки!AM$1,""),IF(AND(ТЕХ_Списки!AN6=1,$AM$44=1),ТЕХ_Списки!AN$1,""),IF(AND(ТЕХ_Списки!AO6=1,$AN$44=1),ТЕХ_Списки!AO$1,""),IF(AND(ТЕХ_Списки!AP6=1,$AO$44=1),ТЕХ_Списки!AP$1,""),IF(AND(ТЕХ_Списки!AQ6=1,$AP$44=1),ТЕХ_Списки!AQ$1,""),IF(AND(ТЕХ_Списки!AR6=1,$AQ$44=1),ТЕХ_Списки!AR$1,""),IF(AND(ТЕХ_Списки!AS6=1,$AR$44=1),ТЕХ_Списки!AS$1,""),IF(AND(ТЕХ_Списки!AT6=1,$AS$44=1),ТЕХ_Списки!AT$1,""),IF(AND(ТЕХ_Списки!AU6=1,$AT$44=1),ТЕХ_Списки!AU$1,""),IF(AND(ТЕХ_Списки!AV6=1,$AU$44=1),ТЕХ_Списки!AV$1,""),IF(AND(ТЕХ_Списки!AW6=1,$AV$44=1),ТЕХ_Списки!AW$1,""))) -> #NAME?
A55: Witch Doctor | B55: Brewing | C55: Хилер | D55: Witch Doctor§Brewing | E55: =COUNTIF($A$2:$A$26,D55) -> 0 | F55: =SUMPRODUCT(ТЕХ_Списки!E7:AW7,$D$44:$AV$44) -> 10 | G55: =SUMPRODUCT(ТЕХ_Списки!E7:AW7,$D$44:$AV$44,$D$45:$AV$45) -> 21 | H55: =IF(OR('РЕЙД-КОНСТРУКТОР'!$C$3="Любая",'РЕЙД-КОНСТРУКТОР'!$C$3=C55),1,0) -> 1 | I55: =IF(OR(E55>0,H55=0,F55=0),-1,G55*100+F55) -> 2110 | J55: =IF(I55<0,"",_xludf.RANK.EQ(I55,$I$50:$I$119,0)+COUNTIF($I$50:I55,I55)-1) -> #NAME? | K55: =IF(F55=0,"—",_xludf.TEXTJOIN(", ",TRUE,IF(AND(ТЕХ_Списки!E7=1,$D$44=1),ТЕХ_Списки!E$1,""),IF(AND(ТЕХ_Списки!F7=1,$E$44=1),ТЕХ_Списки!F$1,""),IF(AND(ТЕХ_Списки!G7=1,$F$44=1),ТЕХ_Списки!G$1,""),IF(AND(ТЕХ_Списки!H7=1,$G$44=1),ТЕХ_Списки!H$1,""),IF(AND(ТЕХ_Списки!I7=1,$H$44=1),ТЕХ_Списки!I$1,""),IF(AND(ТЕХ_Списки!J7=1,$I$44=1),ТЕХ_Списки!J$1,""),IF(AND(ТЕХ_Списки!K7=1,$J$44=1),ТЕХ_Списки!K$1,""),IF(AND(ТЕХ_Списки!L7=1,$K$44=1),ТЕХ_Списки!L$1,""),IF(AND(ТЕХ_Списки!M7=1,$L$44=1),ТЕХ_Списки!M$1,""),IF(AND(ТЕХ_Списки!N7=1,$M$44=1),ТЕХ_Списки!N$1,""),IF(AND(ТЕХ_Списки!O7=1,$N$44=1),ТЕХ_Списки!O$1,""),IF(AND(ТЕХ_Списки!P7=1,$O$44=1),ТЕХ_Списки!P$1,""),IF(AND(ТЕХ_Списки!Q7=1,$P$44=1),ТЕХ_Списки!Q$1,""),IF(AND(ТЕХ_Списки!R7=1,$Q$44=1),ТЕХ_Списки!R$1,""),IF(AND(ТЕХ_Списки!S7=1,$R$44=1),ТЕХ_Списки!S$1,""),IF(AND(ТЕХ_Списки!T7=1,$S$44=1),ТЕХ_Списки!T$1,""),IF(AND(ТЕХ_Списки!U7=1,$T$44=1),ТЕХ_Списки!U$1,""),IF(AND(ТЕХ_Списки!V7=1,$U$44=1),ТЕХ_Списки!V$1,""),IF(AND(ТЕХ_Списки!W7=1,$V$44=1),ТЕХ_Списки!W$1,""),IF(AND(ТЕХ_Списки!X7=1,$W$44=1),ТЕХ_Списки!X$1,""),IF(AND(ТЕХ_Списки!Y7=1,$X$44=1),ТЕХ_Списки!Y$1,""),IF(AND(ТЕХ_Списки!Z7=1,$Y$44=1),ТЕХ_Списки!Z$1,""),IF(AND(ТЕХ_Списки!AA7=1,$Z$44=1),ТЕХ_Списки!AA$1,""),IF(AND(ТЕХ_Списки!AB7=1,$AA$44=1),ТЕХ_Списки!AB$1,""),IF(AND(ТЕХ_Списки!AC7=1,$AB$44=1),ТЕХ_Списки!AC$1,""),IF(AND(ТЕХ_Списки!AD7=1,$AC$44=1),ТЕХ_Списки!AD$1,""),IF(AND(ТЕХ_Списки!AE7=1,$AD$44=1),ТЕХ_Списки!AE$1,""),IF(AND(ТЕХ_Списки!AF7=1,$AE$44=1),ТЕХ_Списки!AF$1,""),IF(AND(ТЕХ_Списки!AG7=1,$AF$44=1),ТЕХ_Списки!AG$1,""),IF(AND(ТЕХ_Списки!AH7=1,$AG$44=1),ТЕХ_Списки!AH$1,""),IF(AND(ТЕХ_Списки!AI7=1,$AH$44=1),ТЕХ_Списки!AI$1,""),IF(AND(ТЕХ_Списки!AJ7=1,$AI$44=1),ТЕХ_Списки!AJ$1,""),IF(AND(ТЕХ_Списки!AK7=1,$AJ$44=1),ТЕХ_Списки!AK$1,""),IF(AND(ТЕХ_Списки!AL7=1,$AK$44=1),ТЕХ_Списки!AL$1,""),IF(AND(ТЕХ_Списки!AM7=1,$AL$44=1),ТЕХ_Списки!AM$1,""),IF(AND(ТЕХ_Списки!AN7=1,$AM$44=1),ТЕХ_Списки!AN$1,""),IF(AND(ТЕХ_Списки!AO7=1,$AN$44=1),ТЕХ_Списки!AO$1,""),IF(AND(ТЕХ_Списки!AP7=1,$AO$44=1),ТЕХ_Списки!AP$1,""),IF(AND(ТЕХ_Списки!AQ7=1,$AP$44=1),ТЕХ_Списки!AQ$1,""),IF(AND(ТЕХ_Списки!AR7=1,$AQ$44=1),ТЕХ_Списки!AR$1,""),IF(AND(ТЕХ_Списки!AS7=1,$AR$44=1),ТЕХ_Списки!AS$1,""),IF(AND(ТЕХ_Списки!AT7=1,$AS$44=1),ТЕХ_Списки!AT$1,""),IF(AND(ТЕХ_Списки!AU7=1,$AT$44=1),ТЕХ_Списки!AU$1,""),IF(AND(ТЕХ_Списки!AV7=1,$AU$44=1),ТЕХ_Списки!AV$1,""),IF(AND(ТЕХ_Списки!AW7=1,$AV$44=1),ТЕХ_Списки!AW$1,""))) -> #NAME?
A56: Felsworn | B56: Infernal | C56: Рейндж/кастер | D56: Felsworn§Infernal | E56: =COUNTIF($A$2:$A$26,D56) -> 0 | F56: =SUMPRODUCT(ТЕХ_Списки!E8:AW8,$D$44:$AV$44) -> 8 | G56: =SUMPRODUCT(ТЕХ_Списки!E8:AW8,$D$44:$AV$44,$D$45:$AV$45) -> 18 | H56: =IF(OR('РЕЙД-КОНСТРУКТОР'!$C$3="Любая",'РЕЙД-КОНСТРУКТОР'!$C$3=C56),1,0) -> 1 | I56: =IF(OR(E56>0,H56=0,F56=0),-1,G56*100+F56) -> 1808 | J56: =IF(I56<0,"",_xludf.RANK.EQ(I56,$I$50:$I$119,0)+COUNTIF($I$50:I56,I56)-1) -> #NAME? | K56: =IF(F56=0,"—",_xludf.TEXTJOIN(", ",TRUE,IF(AND(ТЕХ_Списки!E8=1,$D$44=1),ТЕХ_Списки!E$1,""),IF(AND(ТЕХ_Списки!F8=1,$E$44=1),ТЕХ_Списки!F$1,""),IF(AND(ТЕХ_Списки!G8=1,$F$44=1),ТЕХ_Списки!G$1,""),IF(AND(ТЕХ_Списки!H8=1,$G$44=1),ТЕХ_Списки!H$1,""),IF(AND(ТЕХ_Списки!I8=1,$H$44=1),ТЕХ_Списки!I$1,""),IF(AND(ТЕХ_Списки!J8=1,$I$44=1),ТЕХ_Списки!J$1,""),IF(AND(ТЕХ_Списки!K8=1,$J$44=1),ТЕХ_Списки!K$1,""),IF(AND(ТЕХ_Списки!L8=1,$K$44=1),ТЕХ_Списки!L$1,""),IF(AND(ТЕХ_Списки!M8=1,$L$44=1),ТЕХ_Списки!M$1,""),IF(AND(ТЕХ_Списки!N8=1,$M$44=1),ТЕХ_Списки!N$1,""),IF(AND(ТЕХ_Списки!O8=1,$N$44=1),ТЕХ_Списки!O$1,""),IF(AND(ТЕХ_Списки!P8=1,$O$44=1),ТЕХ_Списки!P$1,""),IF(AND(ТЕХ_Списки!Q8=1,$P$44=1),ТЕХ_Списки!Q$1,""),IF(AND(ТЕХ_Списки!R8=1,$Q$44=1),ТЕХ_Списки!R$1,""),IF(AND(ТЕХ_Списки!S8=1,$R$44=1),ТЕХ_Списки!S$1,""),IF(AND(ТЕХ_Списки!T8=1,$S$44=1),ТЕХ_Списки!T$1,""),IF(AND(ТЕХ_Списки!U8=1,$T$44=1),ТЕХ_Списки!U$1,""),IF(AND(ТЕХ_Списки!V8=1,$U$44=1),ТЕХ_Списки!V$1,""),IF(AND(ТЕХ_Списки!W8=1,$V$44=1),ТЕХ_Списки!W$1,""),IF(AND(ТЕХ_Списки!X8=1,$W$44=1),ТЕХ_Списки!X$1,""),IF(AND(ТЕХ_Списки!Y8=1,$X$44=1),ТЕХ_Списки!Y$1,""),IF(AND(ТЕХ_Списки!Z8=1,$Y$44=1),ТЕХ_Списки!Z$1,""),IF(AND(ТЕХ_Списки!AA8=1,$Z$44=1),ТЕХ_Списки!AA$1,""),IF(AND(ТЕХ_Списки!AB8=1,$AA$44=1),ТЕХ_Списки!AB$1,""),IF(AND(ТЕХ_Списки!AC8=1,$AB$44=1),ТЕХ_Списки!AC$1,""),IF(AND(ТЕХ_Списки!AD8=1,$AC$44=1),ТЕХ_Списки!AD$1,""),IF(AND(ТЕХ_Списки!AE8=1,$AD$44=1),ТЕХ_Списки!AE$1,""),IF(AND(ТЕХ_Списки!AF8=1,$AE$44=1),ТЕХ_Списки!AF$1,""),IF(AND(ТЕХ_Списки!AG8=1,$AF$44=1),ТЕХ_Списки!AG$1,""),IF(AND(ТЕХ_Списки!AH8=1,$AG$44=1),ТЕХ_Списки!AH$1,""),IF(AND(ТЕХ_Списки!AI8=1,$AH$44=1),ТЕХ_Списки!AI$1,""),IF(AND(ТЕХ_Списки!AJ8=1,$AI$44=1),ТЕХ_Списки!AJ$1,""),IF(AND(ТЕХ_Списки!AK8=1,$AJ$44=1),ТЕХ_Списки!AK$1,""),IF(AND(ТЕХ_Списки!AL8=1,$AK$44=1),ТЕХ_Списки!AL$1,""),IF(AND(ТЕХ_Списки!AM8=1,$AL$44=1),ТЕХ_Списки!AM$1,""),IF(AND(ТЕХ_Списки!AN8=1,$AM$44=1),ТЕХ_Списки!AN$1,""),IF(AND(ТЕХ_Списки!AO8=1,$AN$44=1),ТЕХ_Списки!AO$1,""),IF(AND(ТЕХ_Списки!AP8=1,$AO$44=1),ТЕХ_Списки!AP$1,""),IF(AND(ТЕХ_Списки!AQ8=1,$AP$44=1),ТЕХ_Списки!AQ$1,""),IF(AND(ТЕХ_Списки!AR8=1,$AQ$44=1),ТЕХ_Списки!AR$1,""),IF(AND(ТЕХ_Списки!AS8=1,$AR$44=1),ТЕХ_Списки!AS$1,""),IF(AND(ТЕХ_Списки!AT8=1,$AS$44=1),ТЕХ_Списки!AT$1,""),IF(AND(ТЕХ_Списки!AU8=1,$AT$44=1),ТЕХ_Списки!AU$1,""),IF(AND(ТЕХ_Списки!AV8=1,$AU$44=1),ТЕХ_Списки!AV$1,""),IF(AND(ТЕХ_Списки!AW8=1,$AV$44=1),ТЕХ_Списки!AW$1,""))) -> #NAME?
